2018-03-27 04:05:26pm,12.06
2018-03-27 04:06:25pm,12.06
2018-03-27 04:07:31pm,12.13
2018-03-27 04:08:40pm,12.13
2018-03-27 04:09:46pm,12.13
2018-03-27 04:10:53pm,12.13
2018-03-27 04:11:59pm,12.19
2018-03-27 04:13:05pm,12.19
2018-03-27 04:14:12pm,12.25
2018-03-27 04:15:18pm,12.25
2018-03-27 04:16:25pm,12.25
2018-03-27 04:17:31pm,12.25
2018-03-27 04:18:37pm,12.25
2018-03-27 04:19:44pm,12.25
2018-03-27 04:20:50pm,12.31
2018-03-27 04:21:56pm,12.37
2018-03-27 04:23:05pm,12.37
2018-03-27 04:24:04pm,12.44
2018-03-27 04:25:10pm,12.50
2018-03-27 04:26:16pm,12.56
2018-03-27 04:27:23pm,12.56
2018-03-27 04:28:29pm,12.63
2018-03-27 04:29:36pm,12.69
2018-03-27 04:30:42pm,12.69
2018-03-27 04:31:48pm,12.69
2018-03-27 04:32:55pm,12.63
2018-03-27 04:34:01pm,12.69
2018-03-27 04:35:07pm,12.75
2018-03-27 04:36:17pm,12.75
2018-03-27 04:37:23pm,12.81
2018-03-27 04:38:29pm,12.75
2018-03-27 04:39:36pm,12.75
2018-03-27 04:40:42pm,12.81
2018-03-27 04:41:48pm,12.81
2018-03-27 04:42:55pm,12.94
2018-03-27 04:44:01pm,12.94
2018-03-27 04:46:15pm,13.00
2018-03-27 04:48:28pm,13.00
2018-03-27 04:49:34pm,13.00
2018-03-27 04:50:40pm,13.00
2018-03-27 04:51:47pm,13.06
2018-03-27 04:52:53pm,13.06
2018-03-27 04:54:02pm,13.13
2018-03-27 04:55:01pm,13.13
2018-03-27 04:56:07pm,13.13
2018-03-27 04:57:13pm,13.31
2018-03-27 04:58:21pm,13.38
2018-03-27 04:59:27pm,13.38
2018-03-27 05:00:33pm,13.38
2018-03-27 05:01:40pm,13.31
2018-03-27 05:02:46pm,13.31
2018-03-27 05:03:52pm,13.38
2018-03-27 05:04:59pm,13.38
2018-03-27 05:06:05pm,13.38
2018-03-27 05:07:11pm,13.38
2018-03-27 05:08:18pm,13.44
2018-03-27 05:09:24pm,13.44
2018-03-27 05:10:30pm,13.44
2018-03-27 05:11:37pm,13.44
2018-03-27 05:12:43pm,13.38
2018-03-27 05:13:49pm,13.44
2018-03-27 05:14:56pm,13.38
2018-03-27 05:16:02pm,13.44
2018-03-27 05:17:08pm,13.38
2018-03-27 05:18:15pm,13.44
2018-03-27 05:19:21pm,13.44
2018-03-27 05:20:27pm,13.50
2018-03-27 05:21:34pm,13.50
2018-03-27 05:22:43pm,13.50
2018-03-27 05:23:50pm,13.56
2018-03-27 05:24:59pm,13.50
2018-03-27 05:26:06pm,13.50
2018-03-27 05:27:12pm,13.50
2018-03-27 05:28:18pm,13.50
2018-03-27 05:29:25pm,13.50
2018-03-27 05:30:31pm,13.50
2018-03-27 05:31:37pm,13.50
2018-03-27 05:32:44pm,13.50
2018-03-27 05:33:50pm,13.44
2018-03-27 05:34:56pm,13.44
2018-03-27 05:36:03pm,13.50
2018-03-27 05:37:09pm,13.44
2018-03-27 05:38:15pm,13.38
2018-03-27 05:39:22pm,13.44
2018-03-27 05:40:28pm,13.44
2018-03-27 05:41:34pm,13.44
2018-03-27 05:42:41pm,13.44
2018-03-27 05:43:47pm,13.44
2018-03-27 05:44:53pm,13.50
2018-03-27 05:46:00pm,13.50
2018-03-27 05:47:06pm,13.44
2018-03-27 05:48:12pm,13.44
2018-03-27 05:49:19pm,13.38
2018-03-27 05:50:25pm,13.38
2018-03-27 05:51:32pm,13.38
2018-03-27 05:52:39pm,13.38
2018-03-27 05:53:45pm,13.38
2018-03-27 05:54:51pm,13.38
2018-03-27 05:55:58pm,13.38
2018-03-27 05:57:04pm,13.38
2018-03-27 05:58:10pm,13.44
2018-03-27 05:59:17pm,13.44
2018-03-27 06:00:23pm,13.50
2018-03-27 06:01:32pm,13.62
2018-03-27 06:02:39pm,13.69
2018-03-27 06:03:46pm,13.69
2018-03-27 06:04:53pm,13.69
2018-03-27 06:05:59pm,13.62
2018-03-27 06:07:06pm,13.56
2018-03-27 06:08:12pm,13.62
2018-03-27 06:09:18pm,13.50
2018-03-27 06:10:25pm,13.56
2018-03-27 06:11:31pm,13.50
2018-03-27 06:12:37pm,13.38
2018-03-27 06:13:44pm,13.31
2018-03-27 06:14:50pm,13.25
2018-03-27 06:15:56pm,13.13
2018-03-27 06:17:03pm,13.13
2018-03-27 06:18:09pm,13.13
2018-03-27 06:19:15pm,13.13
2018-03-27 06:20:25pm,13.13
2018-03-27 06:21:31pm,13.13
2018-03-27 06:22:39pm,13.13
2018-03-27 06:23:45pm,13.19
2018-03-27 06:24:51pm,13.19
2018-03-27 06:25:58pm,13.13
2018-03-27 06:27:04pm,13.06
2018-03-27 06:28:10pm,13.06
2018-03-27 06:29:17pm,13.00
2018-03-27 06:30:23pm,13.00
2018-03-27 06:31:29pm,13.00
2018-03-27 06:32:36pm,12.94
2018-03-27 06:33:42pm,12.81
2018-03-27 06:34:48pm,12.75
2018-03-27 06:35:55pm,12.69
2018-03-27 06:37:01pm,12.69
2018-03-27 06:38:07pm,12.69
2018-03-27 06:39:14pm,12.69
2018-03-27 06:40:20pm,12.63
2018-03-27 06:41:27pm,12.56
2018-03-27 06:42:33pm,12.50
2018-03-27 06:43:40pm,12.37
2018-03-27 06:44:46pm,12.37
2018-03-27 06:45:52pm,12.37
2018-03-27 06:46:58pm,12.31
2018-03-27 06:48:08pm,12.31
2018-03-27 06:50:23pm,12.31
2018-03-27 06:51:33pm,12.13
2018-03-27 06:52:39pm,12.06
2018-03-27 06:53:46pm,12.06
2018-03-27 06:54:52pm,12.13
2018-03-27 06:55:59pm,12.06
2018-03-27 06:57:10pm,12.13
2018-03-27 06:58:16pm,12.06
2018-03-27 06:59:23pm,12.06
2018-03-27 07:00:29pm,12.00
2018-03-27 07:01:38pm,11.94
2018-03-27 07:03:45pm,11.88
2018-03-27 07:04:52pm,11.88
2018-03-27 07:05:58pm,11.81
2018-03-27 07:07:05pm,11.75
2018-03-27 07:08:11pm,11.81
2018-03-27 07:10:23pm,11.69
2018-03-27 07:11:29pm,11.63
2018-03-27 07:12:36pm,11.63
2018-03-27 07:13:42pm,11.63
2018-03-27 07:14:48pm,11.69
2018-03-27 07:15:55pm,11.63
2018-03-27 07:17:01pm,11.63
2018-03-27 07:18:07pm,11.63
2018-03-27 07:19:14pm,11.56
2018-03-27 07:20:20pm,11.56
2018-03-27 07:21:26pm,11.50
2018-03-27 07:22:33pm,11.50
2018-03-27 07:23:39pm,11.44
2018-03-27 07:24:45pm,11.56
2018-03-27 07:25:52pm,11.56
2018-03-27 07:26:58pm,11.50
2018-03-27 07:28:04pm,11.50
2018-03-27 07:29:10pm,11.44
2018-03-27 07:30:17pm,11.44
2018-03-27 07:31:23pm,11.38
2018-03-27 07:32:29pm,11.38
2018-03-27 07:33:36pm,11.38
2018-03-27 07:34:42pm,11.38
2018-03-27 07:35:48pm,11.31
2018-03-27 07:36:55pm,11.25
2018-03-27 07:38:01pm,11.19
2018-03-27 07:39:09pm,11.19
2018-03-27 07:40:18pm,11.19
2018-03-27 07:41:24pm,11.19
2018-03-27 07:42:31pm,11.25
2018-03-27 07:43:37pm,11.25
2018-03-27 07:44:43pm,11.25
2018-03-27 07:45:50pm,11.25
2018-03-27 07:46:56pm,11.25
2018-03-27 07:48:02pm,11.25
2018-03-27 07:49:09pm,11.25
2018-03-27 07:50:15pm,11.25
2018-03-27 07:51:22pm,11.25
2018-03-27 07:52:28pm,11.25
2018-03-27 07:53:34pm,11.19
2018-03-27 07:54:42pm,11.19
2018-03-27 07:55:48pm,11.19
2018-03-27 07:56:54pm,11.12
2018-03-27 07:58:01pm,11.12
2018-03-27 07:59:07pm,11.12
2018-03-27 08:00:19pm,11.12
2018-03-27 08:01:18pm,11.12
2018-03-27 08:03:33pm,11.06
2018-03-27 08:04:39pm,11.00
2018-03-27 08:05:45pm,11.00
2018-03-27 08:06:52pm,11.00
2018-03-27 08:07:58pm,11.00
2018-03-27 08:09:04pm,11.00
2018-03-27 08:10:11pm,11.00
2018-03-27 08:11:18pm,11.00
2018-03-27 08:12:24pm,10.94
2018-03-27 08:13:31pm,10.94
2018-03-27 08:14:37pm,10.94
2018-03-27 08:15:43pm,10.94
2018-03-27 08:16:50pm,10.94
2018-03-27 08:17:56pm,10.94
2018-03-27 08:19:02pm,10.94
2018-03-27 08:20:09pm,11.00
2018-03-27 08:21:16pm,11.00
2018-03-27 08:22:26pm,11.06
2018-03-27 08:23:32pm,11.06
2018-03-27 08:24:38pm,11.06
2018-03-27 08:25:44pm,11.06
2018-03-27 08:26:51pm,11.06
2018-03-27 08:27:57pm,11.06
2018-03-27 08:29:03pm,11.00
2018-03-27 08:30:10pm,11.00
2018-03-27 08:31:16pm,11.00
2018-03-27 08:32:22pm,10.94
2018-03-27 08:33:29pm,11.00
2018-03-27 08:34:35pm,11.00
2018-03-27 08:35:41pm,11.06
2018-03-27 08:36:48pm,11.19
2018-03-27 08:37:54pm,11.25
2018-03-27 08:39:00pm,11.12
2018-03-27 08:40:07pm,11.06
2018-03-27 08:41:13pm,11.12
2018-03-27 08:42:20pm,11.06
2018-03-27 08:43:27pm,11.06
2018-03-27 08:44:33pm,11.19
2018-03-27 08:45:39pm,11.06
2018-03-27 08:46:46pm,11.12
2018-03-27 08:47:52pm,11.12
2018-03-27 08:48:58pm,11.12
2018-03-27 08:50:05pm,11.06
2018-03-27 08:51:11pm,11.12
2018-03-27 08:52:17pm,11.12
2018-03-27 08:53:24pm,11.12
2018-03-27 08:54:30pm,11.25
2018-03-27 08:55:36pm,11.31
2018-03-27 08:56:43pm,11.31
2018-03-27 08:57:49pm,11.31
2018-03-27 08:58:55pm,11.31
2018-03-27 09:00:02pm,11.25
2018-03-27 09:01:08pm,11.25
2018-03-27 09:02:14pm,11.25
2018-03-27 09:03:20pm,11.31
2018-03-27 09:04:27pm,11.31
2018-03-27 09:05:33pm,11.31
2018-03-27 09:07:45pm,11.19
2018-03-27 09:08:52pm,11.12
2018-03-27 09:09:58pm,11.12
2018-03-27 09:11:04pm,11.06
2018-03-27 09:12:11pm,11.12
2018-03-27 09:13:17pm,11.19
2018-03-27 09:14:23pm,11.25
2018-03-27 09:15:29pm,11.31
2018-03-27 09:16:36pm,11.25
2018-03-27 09:17:42pm,11.25
2018-03-27 09:18:49pm,11.19
2018-03-27 09:19:55pm,11.19
2018-03-27 09:21:01pm,11.19
2018-03-27 09:22:08pm,11.12
2018-03-27 09:23:14pm,11.12
2018-03-27 09:24:20pm,11.12
2018-03-27 09:25:27pm,11.12
2018-03-27 09:26:33pm,11.06
2018-03-27 09:27:39pm,11.12
2018-03-27 09:28:46pm,11.12
2018-03-27 09:29:52pm,11.19
2018-03-27 09:30:58pm,11.19
2018-03-27 09:32:05pm,11.25
2018-03-27 09:33:11pm,11.12
2018-03-27 09:34:17pm,11.12
2018-03-27 09:35:24pm,11.06
2018-03-27 09:36:30pm,11.12
2018-03-27 09:37:36pm,11.12
2018-03-27 09:38:43pm,11.12
2018-03-27 09:39:49pm,11.06
2018-03-27 09:40:55pm,11.06
2018-03-27 09:42:03pm,10.94
2018-03-27 09:43:12pm,11.00
2018-03-27 09:44:18pm,11.06
2018-03-27 09:45:25pm,11.06
2018-03-27 09:46:31pm,11.00
2018-03-27 09:47:37pm,10.94
2018-03-27 09:48:43pm,10.75
2018-03-27 09:49:50pm,10.75
2018-03-27 09:50:56pm,10.81
2018-03-27 09:52:02pm,10.69
2018-03-27 09:53:11pm,10.69
2018-03-27 09:54:10pm,10.69
2018-03-27 09:55:16pm,10.63
2018-03-27 09:56:23pm,10.69
2018-03-27 09:57:29pm,10.69
2018-03-27 09:58:35pm,10.56
2018-03-27 09:59:42pm,10.69
2018-03-27 10:00:48pm,10.69
2018-03-27 10:01:54pm,10.69
2018-03-27 10:03:01pm,10.63
2018-03-27 10:04:07pm,10.50
2018-03-27 10:05:13pm,10.50
2018-03-27 10:06:20pm,10.50
2018-03-27 10:07:26pm,10.56
2018-03-27 10:08:32pm,10.44
2018-03-27 10:09:39pm,10.38
2018-03-27 10:10:45pm,10.38
2018-03-27 10:11:51pm,10.38
2018-03-27 10:13:01pm,10.38
2018-03-27 10:13:59pm,10.31
2018-03-27 10:15:05pm,10.25
2018-03-27 10:16:12pm,10.25
2018-03-27 10:17:18pm,10.38
2018-03-27 10:18:25pm,10.25
2018-03-27 10:19:31pm,10.19
2018-03-27 10:20:37pm,10.13
2018-03-27 10:21:44pm,10.13
2018-03-27 10:22:50pm,10.19
2018-03-27 10:23:56pm,10.19
2018-03-27 10:25:03pm,10.25
2018-03-27 10:26:09pm,10.25
2018-03-27 10:27:15pm,10.25
2018-03-27 10:28:22pm,10.19
2018-03-27 10:29:28pm,10.19
2018-03-27 10:30:34pm,10.13
2018-03-27 10:31:40pm,10.06
2018-03-27 10:32:47pm,10.00
2018-03-27 10:33:53pm,10.06
2018-03-27 10:34:59pm,10.00
2018-03-27 10:38:24pm,10.00
2018-03-27 10:39:22pm,10.06
2018-03-27 10:40:29pm,10.06
2018-03-27 10:41:35pm,10.00
2018-03-27 10:42:42pm,9.94
2018-03-27 10:43:48pm,9.94
2018-03-27 10:44:54pm,9.88
2018-03-27 10:46:01pm,9.88
2018-03-27 10:47:07pm,9.75
2018-03-27 10:48:13pm,9.69
2018-03-27 10:49:20pm,9.69
2018-03-27 10:50:26pm,9.63
2018-03-27 10:51:33pm,9.56
2018-03-27 10:52:39pm,9.44
2018-03-27 10:53:48pm,9.50
2018-03-27 10:54:47pm,9.50
2018-03-27 10:55:53pm,9.50
2018-03-27 10:56:59pm,9.63
2018-03-27 10:58:06pm,9.69
2018-03-27 10:59:12pm,9.63
2018-03-27 11:00:19pm,9.56
2018-03-27 11:01:25pm,9.56
2018-03-27 11:02:31pm,9.56
2018-03-27 11:03:38pm,9.56
2018-03-27 11:04:44pm,9.50
2018-03-27 11:05:50pm,9.50
2018-03-27 11:06:57pm,9.50
2018-03-27 11:08:03pm,9.38
2018-03-27 11:09:09pm,9.38
2018-03-27 11:10:16pm,9.38
2018-03-27 11:11:22pm,9.38
2018-03-27 11:12:29pm,9.38
2018-03-27 11:13:35pm,9.44
2018-03-27 11:14:41pm,9.44
2018-03-27 11:15:48pm,9.44
2018-03-27 11:16:54pm,9.44
2018-03-27 11:18:00pm,9.38
2018-03-27 11:19:07pm,9.19
2018-03-27 11:20:13pm,9.19
2018-03-27 11:21:19pm,9.25
2018-03-27 11:22:26pm,9.38
2018-03-27 11:23:32pm,9.31
2018-03-27 11:24:38pm,9.38
2018-03-27 11:25:45pm,9.44
2018-03-27 11:26:51pm,9.44
2018-03-27 11:27:57pm,9.44
2018-03-27 11:29:06pm,9.31
2018-03-27 11:30:13pm,9.31
2018-03-27 11:31:19pm,9.25
2018-03-27 11:32:25pm,9.38
2018-03-27 11:33:32pm,9.44
2018-03-27 11:34:38pm,9.44
2018-03-27 11:35:44pm,9.25
2018-03-27 11:36:51pm,9.31
2018-03-27 11:37:57pm,9.38
2018-03-27 11:39:03pm,9.50
2018-03-27 11:40:10pm,9.44
2018-03-27 11:41:16pm,9.44
2018-03-27 11:42:22pm,9.38
2018-03-27 11:43:29pm,9.31
2018-03-27 11:44:35pm,9.25
2018-03-27 11:45:41pm,9.25
2018-03-27 11:46:51pm,9.25
2018-03-27 11:47:57pm,9.25
2018-03-27 11:49:03pm,9.31
2018-03-27 11:50:10pm,9.31
2018-03-27 11:51:16pm,9.31
2018-03-27 11:52:22pm,9.38
2018-03-27 11:53:28pm,9.31
2018-03-27 11:54:35pm,9.31
2018-03-27 11:55:41pm,9.31
2018-03-27 11:56:47pm,9.38
2018-03-27 11:57:54pm,9.44
2018-03-27 11:59:00pm,9.38
2018-03-28 12:00:07am,9.50
2018-03-28 12:01:13am,9.44
2018-03-28 12:02:20am,9.44
2018-03-28 12:03:26am,9.38
2018-03-28 12:04:32am,9.25
2018-03-28 12:05:39am,9.31
2018-03-28 12:06:45am,9.31
2018-03-28 12:07:51am,9.31
2018-03-28 12:08:58am,9.31
2018-03-28 12:10:04am,9.38
2018-03-28 12:11:10am,9.38
2018-03-28 12:12:17am,9.38
2018-03-28 12:13:23am,9.31
2018-03-28 12:14:29am,9.31
2018-03-28 12:15:36am,9.38
2018-03-28 12:16:42am,9.31
2018-03-28 12:17:48am,9.31
2018-03-28 12:18:55am,9.31
2018-03-28 12:20:01am,9.25
2018-03-28 12:21:07am,9.25
2018-03-28 12:22:14am,9.25
2018-03-28 12:23:20am,9.19
2018-03-28 12:24:27am,9.13
2018-03-28 12:25:33am,9.19
2018-03-28 12:26:39am,9.13
2018-03-28 12:27:46am,9.13
2018-03-28 12:28:52am,9.06
2018-03-28 12:29:58am,9.06
2018-03-28 12:31:05am,9.19
2018-03-28 12:32:11am,9.25
2018-03-28 12:33:20am,9.19
2018-03-28 12:34:26am,9.13
2018-03-28 12:35:33am,9.19
2018-03-28 12:36:39am,8.94
2018-03-28 12:37:45am,8.94
2018-03-28 12:38:52am,9.00
2018-03-28 12:39:58am,9.06
2018-03-28 12:41:04am,9.06
2018-03-28 12:42:11am,9.13
2018-03-28 12:43:17am,9.19
2018-03-28 12:44:23am,9.25
2018-03-28 12:45:30am,9.31
2018-03-28 12:46:36am,9.25
2018-03-28 12:47:42am,9.19
2018-03-28 12:48:49am,9.19
2018-03-28 12:49:55am,9.00
2018-03-28 12:51:02am,9.00
2018-03-28 12:52:08am,9.13
2018-03-28 12:53:14am,9.13
2018-03-28 12:54:20am,9.19
2018-03-28 12:55:27am,9.19
2018-03-28 12:56:33am,9.25
2018-03-28 12:57:40am,9.25
2018-03-28 12:59:04am,9.06
2018-03-28 01:00:11am,9.06
2018-03-28 01:03:03am,9.25
2018-03-28 01:04:10am,9.19
2018-03-28 01:05:16am,9.13
2018-03-28 01:06:22am,9.06
2018-03-28 01:07:28am,9.00
2018-03-28 01:08:35am,9.00
2018-03-28 01:09:41am,8.94
2018-03-28 01:10:48am,8.88
2018-03-28 01:11:54am,8.88
2018-03-28 01:13:00am,8.81
2018-03-28 01:14:07am,8.81
2018-03-28 01:15:13am,8.88
2018-03-28 01:16:19am,8.94
2018-03-28 01:17:26am,8.94
2018-03-28 01:18:33am,8.94
2018-03-28 01:19:39am,9.00
2018-03-28 01:20:45am,8.94
2018-03-28 01:21:52am,8.94
2018-03-28 01:22:58am,9.06
2018-03-28 01:24:04am,9.13
2018-03-28 01:25:11am,9.19
2018-03-28 01:26:17am,9.06
2018-03-28 01:27:23am,9.06
2018-03-28 01:28:30am,9.06
2018-03-28 01:31:48am,9.06
2018-03-28 01:32:54am,9.13
2018-03-28 01:34:00am,9.13
2018-03-28 01:35:07am,9.19
2018-03-28 01:36:13am,9.13
2018-03-28 01:37:19am,9.13
2018-03-28 01:38:26am,9.25
2018-03-28 01:41:44am,9.19
2018-03-28 01:42:50am,9.13
2018-03-28 01:43:56am,9.06
2018-03-28 01:45:03am,9.00
2018-03-28 01:46:09am,8.94
2018-03-28 01:47:15am,8.94
2018-03-28 01:48:22am,8.88
2018-03-28 01:49:28am,8.88
2018-03-28 01:50:34am,8.88
2018-03-28 01:51:41am,8.81
2018-03-28 01:52:47am,8.81
2018-03-28 01:53:53am,8.75
2018-03-28 01:55:00am,8.75
2018-03-28 01:56:06am,8.75
2018-03-28 01:57:12am,8.75
2018-03-28 01:58:19am,8.81
2018-03-28 01:59:25am,8.81
2018-03-28 02:00:31am,8.81
2018-03-28 02:01:38am,8.81
2018-03-28 02:02:44am,8.81
2018-03-28 02:03:51am,8.81
2018-03-28 02:04:57am,8.75
2018-03-28 02:06:03am,8.81
2018-03-28 02:07:10am,8.75
2018-03-28 02:08:16am,8.81
2018-03-28 02:09:22am,8.81
2018-03-28 02:10:29am,8.81
2018-03-28 02:11:35am,8.75
2018-03-28 02:12:41am,8.75
2018-03-28 02:13:48am,8.75
2018-03-28 02:14:54am,8.75
2018-03-28 02:16:00am,8.75
2018-03-28 02:17:07am,8.75
2018-03-28 02:18:13am,8.69
2018-03-28 02:19:19am,8.69
2018-03-28 02:20:26am,8.69
2018-03-28 02:21:32am,8.69
2018-03-28 02:22:38am,8.63
2018-03-28 02:23:45am,8.63
2018-03-28 02:24:51am,8.63
2018-03-28 02:25:57am,8.69
2018-03-28 02:27:03am,8.75
2018-03-28 02:28:10am,8.69
2018-03-28 02:29:18am,8.69
2018-03-28 02:30:24am,8.69
2018-03-28 02:31:31am,8.69
2018-03-28 02:32:37am,8.69
2018-03-28 02:33:43am,8.69
2018-03-28 02:34:50am,8.69
2018-03-28 02:35:56am,8.69
2018-03-28 02:37:03am,8.69
2018-03-28 02:38:10am,8.69
2018-03-28 02:39:16am,8.69
2018-03-28 02:40:22am,8.69
2018-03-28 02:41:29am,8.63
2018-03-28 02:42:35am,8.56
2018-03-28 02:43:41am,8.56
2018-03-28 02:44:48am,8.50
2018-03-28 02:45:54am,8.56
2018-03-28 02:47:00am,8.56
2018-03-28 02:48:07am,8.56
2018-03-28 02:49:13am,8.56
2018-03-28 02:50:19am,8.56
2018-03-28 02:51:26am,8.63
2018-03-28 02:52:32am,8.56
2018-03-28 02:53:38am,8.63
2018-03-28 02:54:45am,8.56
2018-03-28 02:55:51am,8.50
2018-03-28 02:56:57am,8.50
2018-03-28 02:58:03am,8.56
2018-03-28 02:59:10am,8.63
2018-03-28 03:00:16am,8.69
2018-03-28 03:01:23am,8.63
2018-03-28 03:02:29am,8.63
2018-03-28 03:03:35am,8.56
2018-03-28 03:04:42am,8.56
2018-03-28 03:05:48am,8.63
2018-03-28 03:06:54am,8.63
2018-03-28 03:08:01am,8.69
2018-03-28 03:09:07am,8.69
2018-03-28 03:10:13am,8.69
2018-03-28 03:11:20am,8.63
2018-03-28 03:12:26am,8.63
2018-03-28 03:13:32am,8.56
2018-03-28 03:14:39am,8.56
2018-03-28 03:15:45am,8.63
2018-03-28 03:16:51am,8.56
2018-03-28 03:17:58am,8.56
2018-03-28 03:19:04am,8.50
2018-03-28 03:20:10am,8.50
2018-03-28 03:21:16am,8.50
2018-03-28 03:22:23am,8.50
2018-03-28 03:23:29am,8.56
2018-03-28 03:24:35am,8.69
2018-03-28 03:25:42am,8.69
2018-03-28 03:26:48am,8.75
2018-03-28 03:27:54am,8.75
2018-03-28 03:29:01am,8.75
2018-03-28 03:30:07am,8.69
2018-03-28 03:31:13am,8.75
2018-03-28 03:32:20am,8.81
2018-03-28 03:33:26am,8.81
2018-03-28 03:34:30am,8.75
2018-03-28 03:35:36am,8.69
2018-03-28 03:36:43am,8.63
2018-03-28 03:37:49am,8.56
2018-03-28 03:38:55am,8.63
2018-03-28 03:40:02am,8.63
2018-03-28 03:41:08am,8.56
2018-03-28 03:42:14am,8.56
2018-03-28 03:43:21am,8.56
2018-03-28 03:44:27am,8.63
2018-03-28 03:45:33am,8.63
2018-03-28 03:46:40am,8.56
2018-03-28 03:47:46am,8.56
2018-03-28 03:48:52am,8.56
2018-03-28 03:49:59am,8.63
2018-03-28 03:51:05am,8.75
2018-03-28 03:52:11am,8.69
2018-03-28 03:53:18am,8.56
2018-03-28 03:54:24am,8.63
2018-03-28 03:55:30am,8.81
2018-03-28 03:56:37am,8.75
2018-03-28 03:57:43am,8.63
2018-03-28 03:58:49am,8.69
2018-03-28 03:59:56am,8.69
2018-03-28 04:01:02am,8.63
2018-03-28 04:02:08am,8.63
2018-03-28 04:03:15am,8.63
2018-03-28 04:04:21am,8.56
2018-03-28 04:05:27am,8.56
2018-03-28 04:06:34am,8.56
2018-03-28 04:07:40am,8.63
2018-03-28 04:08:46am,8.69
2018-03-28 04:09:53am,8.69
2018-03-28 04:10:59am,8.56
2018-03-28 04:12:05am,8.50
2018-03-28 04:13:12am,8.50
2018-03-28 04:14:18am,8.56
2018-03-28 04:15:24am,8.56
2018-03-28 04:16:31am,8.50
2018-03-28 04:17:37am,8.50
2018-03-28 04:18:43am,8.50
2018-03-28 04:19:50am,8.56
2018-03-28 04:20:56am,8.63
2018-03-28 04:22:02am,8.69
2018-03-28 04:23:09am,8.75
2018-03-28 04:24:10am,8.69
2018-03-28 04:25:16am,8.56
2018-03-28 04:26:23am,8.69
2018-03-28 04:27:29am,8.69
2018-03-28 04:28:35am,8.63
2018-03-28 04:29:42am,8.75
2018-03-28 04:30:48am,8.69
2018-03-28 04:31:54am,8.69
2018-03-28 04:33:01am,8.81
2018-03-28 04:34:07am,8.75
2018-03-28 04:35:13am,8.75
2018-03-28 04:36:20am,8.69
2018-03-28 04:37:26am,8.69
2018-03-28 04:38:32am,8.63
2018-03-28 04:39:39am,8.63
2018-03-28 04:40:45am,8.81
2018-03-28 04:41:51am,8.69
2018-03-28 04:42:58am,8.69
2018-03-28 04:44:04am,8.69
2018-03-28 04:45:10am,8.69
2018-03-28 04:46:17am,8.88
2018-03-28 04:47:23am,8.94
2018-03-28 04:48:29am,9.00
2018-03-28 04:49:36am,8.88
2018-03-28 04:50:42am,9.00
2018-03-28 04:51:48am,9.06
2018-03-28 04:52:55am,9.19
2018-03-28 04:54:01am,9.19
2018-03-28 04:55:07am,9.13
2018-03-28 04:56:13am,9.13
2018-03-28 04:57:20am,9.06
2018-03-28 04:58:26am,9.00
2018-03-28 04:59:32am,9.00
2018-03-28 05:00:39am,9.00
2018-03-28 05:01:45am,8.94
2018-03-28 05:02:51am,8.81
2018-03-28 05:03:58am,8.88
2018-03-28 05:05:04am,8.88
2018-03-28 05:06:05am,9.06
2018-03-28 05:07:12am,9.13
2018-03-28 05:08:18am,9.19
2018-03-28 05:09:24am,9.25
2018-03-28 05:10:31am,9.31
2018-03-28 05:11:37am,9.38
2018-03-28 05:12:43am,9.44
2018-03-28 05:13:50am,9.44
2018-03-28 05:14:56am,9.38
2018-03-28 05:16:03am,9.63
2018-03-28 05:17:09am,9.56
2018-03-28 05:18:16am,9.38
2018-03-28 05:19:22am,9.38
2018-03-28 05:20:28am,9.31
2018-03-28 05:21:35am,9.44
2018-03-28 05:22:41am,9.44
2018-03-28 05:23:48am,9.31
2018-03-28 05:24:54am,9.31
2018-03-28 05:26:00am,9.25
2018-03-28 05:27:06am,9.31
2018-03-28 05:28:13am,9.19
2018-03-28 05:29:19am,9.13
2018-03-28 05:30:25am,9.00
2018-03-28 05:31:32am,9.06
2018-03-28 05:32:38am,9.13
2018-03-28 05:33:44am,9.25
2018-03-28 05:34:51am,9.19
2018-03-28 05:35:57am,9.06
2018-03-28 05:37:03am,9.06
2018-03-28 05:38:10am,9.00
2018-03-28 05:39:16am,8.94
2018-03-28 05:40:22am,8.81
2018-03-28 05:41:29am,8.88
2018-03-28 05:42:35am,8.94
2018-03-28 05:43:41am,8.88
2018-03-28 05:44:48am,8.88
2018-03-28 05:45:55am,8.88
2018-03-28 05:47:04am,8.81
2018-03-28 05:48:11am,8.75
2018-03-28 05:49:17am,8.63
2018-03-28 05:50:23am,8.56
2018-03-28 05:51:30am,8.56
2018-03-28 05:52:36am,8.56
2018-03-28 05:53:42am,8.44
2018-03-28 05:54:49am,8.38
2018-03-28 05:55:55am,8.31
2018-03-28 05:57:01am,8.38
2018-03-28 05:58:07am,8.31
2018-03-28 05:59:14am,8.25
2018-03-28 06:00:20am,8.31
2018-03-28 06:01:30am,8.31
2018-03-28 06:02:29am,8.25
2018-03-28 06:03:35am,8.19
2018-03-28 06:04:41am,8.19
2018-03-28 06:05:48am,8.25
2018-03-28 06:06:54am,8.38
2018-03-28 06:08:00am,8.50
2018-03-28 06:09:07am,8.44
2018-03-28 06:10:13am,8.38
2018-03-28 06:11:19am,8.38
2018-03-28 06:12:26am,8.38
2018-03-28 06:13:32am,8.31
2018-03-28 06:14:38am,8.38
2018-03-28 06:15:46am,8.31
2018-03-28 06:16:52am,8.31
2018-03-28 06:17:58am,8.25
2018-03-28 06:19:05am,8.19
2018-03-28 06:20:11am,8.13
2018-03-28 06:21:17am,8.06
2018-03-28 06:22:24am,8.13
2018-03-28 06:23:30am,8.13
2018-03-28 06:24:36am,8.13
2018-03-28 06:25:43am,8.06
2018-03-28 06:26:49am,8.00
2018-03-28 06:27:55am,8.00
2018-03-28 06:29:02am,8.00
2018-03-28 06:30:08am,7.94
2018-03-28 06:31:14am,8.06
2018-03-28 06:32:21am,8.00
2018-03-28 06:33:27am,7.94
2018-03-28 06:34:33am,7.87
2018-03-28 06:35:40am,7.81
2018-03-28 06:36:46am,7.81
2018-03-28 06:37:52am,7.81
2018-03-28 06:38:59am,7.81
2018-03-28 06:40:06am,7.87
2018-03-28 06:41:15am,7.81
2018-03-28 06:42:22am,7.81
2018-03-28 06:43:28am,7.75
2018-03-28 06:44:35am,7.75
2018-03-28 06:45:41am,7.62
2018-03-28 06:46:47am,7.75
2018-03-28 06:47:54am,7.75
2018-03-28 06:49:00am,7.94
2018-03-28 06:50:06am,7.94
2018-03-28 06:51:13am,7.94
2018-03-28 06:52:19am,8.00
2018-03-28 06:53:25am,7.87
2018-03-28 06:54:32am,7.81
2018-03-28 06:55:38am,7.75
2018-03-28 06:56:44am,7.69
2018-03-28 06:57:51am,7.69
2018-03-28 06:58:57am,7.69
2018-03-28 07:00:03am,7.69
2018-03-28 07:01:10am,7.69
2018-03-28 07:02:16am,7.62
2018-03-28 07:03:22am,7.56
2018-03-28 07:04:29am,7.56
2018-03-28 07:05:35am,7.50
2018-03-28 07:06:41am,7.50
2018-03-28 07:07:48am,7.69
2018-03-28 07:08:54am,7.69
2018-03-28 07:10:00am,7.69
2018-03-28 07:11:06am,7.69
2018-03-28 07:13:14am,7.69
2018-03-28 07:14:20am,7.69
2018-03-28 07:15:27am,7.69
2018-03-28 07:17:42am,7.69
2018-03-28 07:18:40am,7.69
2018-03-28 07:19:47am,7.69
2018-03-28 07:20:53am,7.69
2018-03-28 07:21:59am,7.69
2018-03-28 07:23:06am,7.75
2018-03-28 07:24:12am,7.75
2018-03-28 07:25:18am,7.81
2018-03-28 07:26:25am,7.75
2018-03-28 07:27:31am,7.75
2018-03-28 07:28:37am,7.87
2018-03-28 07:29:44am,7.94
2018-03-28 07:30:50am,7.94
2018-03-28 07:31:56am,8.13
2018-03-28 07:33:03am,8.19
2018-03-28 07:34:09am,8.13
2018-03-28 07:35:15am,8.13
2018-03-28 07:36:22am,8.19
2018-03-28 07:37:28am,8.13
2018-03-28 07:38:34am,8.06
2018-03-28 07:39:41am,8.06
2018-03-28 07:40:50am,8.06
2018-03-28 07:41:56am,8.06
2018-03-28 07:43:04am,8.06
2018-03-28 07:44:10am,8.06
2018-03-28 07:45:16am,8.00
2018-03-28 07:46:23am,8.00
2018-03-28 07:47:29am,8.00
2018-03-28 07:48:35am,7.94
2018-03-28 07:49:42am,8.06
2018-03-28 07:50:51am,8.06
2018-03-28 07:51:49am,8.06
2018-03-28 07:52:56am,8.06
2018-03-28 07:54:05am,8.00
2018-03-28 07:55:03am,8.06
2018-03-28 07:56:10am,8.06
2018-03-28 07:57:16am,8.06
2018-03-28 07:58:23am,8.06
2018-03-28 07:59:29am,8.13
2018-03-28 08:00:36am,8.13
2018-03-28 08:01:42am,8.13
2018-03-28 08:02:48am,8.13
2018-03-28 08:03:55am,8.25
2018-03-28 08:05:01am,8.25
2018-03-28 08:06:07am,8.25
2018-03-28 08:07:14am,8.31
2018-03-28 08:08:20am,8.31
2018-03-28 08:09:26am,8.31
2018-03-28 08:10:33am,8.25
2018-03-28 08:11:39am,8.25
2018-03-28 08:12:45am,8.31
2018-03-28 08:13:52am,8.31
2018-03-28 08:15:01am,8.25
2018-03-28 08:15:59am,8.31
2018-03-28 08:17:06am,8.31
2018-03-28 08:18:12am,8.25
2018-03-28 08:19:18am,8.25
2018-03-28 08:20:26am,8.25
2018-03-28 08:21:32am,8.19
2018-03-28 08:22:38am,8.19
2018-03-28 08:23:45am,8.19
2018-03-28 08:24:51am,8.19
2018-03-28 08:25:57am,8.19
2018-03-28 08:27:04am,8.19
2018-03-28 08:28:10am,8.31
2018-03-28 08:29:16am,8.31
2018-03-28 08:30:23am,8.38
2018-03-28 08:31:29am,8.44
2018-03-28 08:32:35am,8.44
2018-03-28 08:33:43am,8.50
2018-03-28 08:34:49am,8.50
2018-03-28 08:35:55am,8.50
2018-03-28 08:37:02am,8.50
2018-03-28 08:38:08am,8.50
2018-03-28 08:39:14am,8.50
2018-03-28 08:40:21am,8.56
2018-03-28 08:41:27am,8.44
2018-03-28 08:42:33am,8.44
2018-03-28 08:43:40am,8.44
2018-03-28 08:44:46am,8.44
2018-03-28 08:45:52am,8.50
2018-03-28 08:46:59am,8.63
2018-03-28 08:48:05am,8.69
2018-03-28 08:49:11am,8.63
2018-03-28 08:50:18am,8.69
2018-03-28 08:51:24am,8.69
2018-03-28 08:52:31am,8.63
2018-03-28 08:53:37am,8.69
2018-03-28 08:54:43am,8.69
2018-03-28 08:55:52am,8.69
2018-03-28 08:56:51am,8.69
2018-03-28 08:57:57am,8.69
2018-03-28 08:59:04am,8.69
2018-03-28 09:00:10am,8.75
2018-03-28 09:01:16am,8.81
2018-03-28 09:02:23am,8.81
2018-03-28 09:03:29am,8.81
2018-03-28 09:04:35am,8.75
2018-03-28 09:05:42am,8.81
2018-03-28 09:06:48am,8.75
2018-03-28 09:07:54am,8.75
2018-03-28 09:09:01am,8.88
2018-03-28 09:10:07am,8.94
2018-03-28 09:11:13am,8.94
2018-03-28 09:12:20am,9.00
2018-03-28 09:13:26am,8.94
2018-03-28 09:14:32am,8.94
2018-03-28 09:15:39am,9.06
2018-03-28 09:16:45am,9.13
2018-03-28 09:17:51am,9.13
2018-03-28 09:18:58am,9.13
2018-03-28 09:20:04am,9.06
2018-03-28 09:21:10am,9.13
2018-03-28 09:22:17am,9.19
2018-03-28 09:23:23am,9.19
2018-03-28 09:24:29am,9.13
2018-03-28 09:25:36am,9.00
2018-03-28 09:26:42am,8.94
2018-03-28 09:27:55am,8.94
2018-03-28 09:28:54am,9.06
2018-03-28 09:30:00am,9.00
2018-03-28 09:31:06am,9.06
2018-03-28 09:32:13am,9.00
2018-03-28 09:33:19am,9.06
2018-03-28 09:34:25am,9.13
2018-03-28 09:35:32am,9.13
2018-03-28 09:36:40am,9.13
2018-03-28 09:37:46am,9.00
2018-03-28 09:38:54am,9.00
2018-03-28 09:40:03am,9.13
2018-03-28 09:41:01am,9.25
2018-03-28 09:42:08am,9.31
2018-03-28 09:43:14am,9.31
2018-03-28 09:44:20am,9.25
2018-03-28 09:45:29am,9.44
2018-03-28 09:46:28am,9.38
2018-03-28 09:47:35am,9.31
2018-03-28 09:48:41am,9.31
2018-03-28 09:49:47am,9.31
2018-03-28 09:50:54am,9.50
2018-03-28 09:52:00am,9.44
2018-03-28 09:53:06am,9.50
2018-03-28 09:54:13am,9.56
2018-03-28 09:55:19am,9.56
2018-03-28 09:56:26am,9.63
2018-03-28 09:57:32am,9.75
2018-03-28 09:58:38am,9.81
2018-03-28 09:59:48am,9.75
2018-03-28 10:00:54am,9.69
2018-03-28 10:02:01am,9.75
2018-03-28 10:03:07am,9.88
2018-03-28 10:04:13am,9.94
2018-03-28 10:05:19am,10.00
2018-03-28 10:06:26am,10.06
2018-03-28 10:07:32am,10.13
2018-03-28 10:08:39am,10.25
2018-03-28 10:09:45am,10.31
2018-03-28 10:10:51am,10.25
2018-03-28 10:11:57am,10.19
2018-03-28 10:13:04am,10.00
2018-03-28 10:14:10am,10.00
2018-03-28 10:15:17am,10.13
2018-03-28 10:16:23am,10.13
2018-03-28 10:17:29am,10.00
2018-03-28 10:18:36am,9.88
2018-03-28 10:19:42am,10.00
2018-03-28 10:20:48am,10.25
2018-03-28 10:21:55am,10.38
2018-03-28 10:23:01am,10.38
2018-03-28 10:24:07am,10.31
2018-03-28 10:25:13am,10.06
2018-03-28 10:26:20am,9.94
2018-03-28 10:27:26am,9.81
2018-03-28 10:28:32am,10.00
2018-03-28 10:29:39am,10.00
2018-03-28 10:30:45am,9.88
2018-03-28 10:31:51am,9.88
2018-03-28 10:32:58am,9.88
2018-03-28 10:34:05am,9.94
2018-03-28 10:35:11am,9.94
2018-03-28 10:36:18am,10.06
2018-03-28 10:37:24am,10.31
2018-03-28 10:38:30am,10.25
2018-03-28 10:39:37am,10.25
2018-03-28 10:40:43am,10.38
2018-03-28 10:41:49am,10.38
2018-03-28 10:42:56am,10.31
2018-03-28 10:44:02am,10.13
2018-03-28 10:45:08am,10.19
2018-03-28 10:46:15am,10.25
2018-03-28 10:47:21am,10.38
2018-03-28 10:48:27am,10.69
2018-03-28 10:49:34am,11.31
2018-03-28 10:50:40am,11.75
2018-03-28 10:51:46am,12.13
2018-03-28 10:52:53am,12.37
2018-03-28 10:53:59am,12.37
2018-03-28 10:55:05am,12.25
2018-03-28 10:56:12am,12.13
2018-03-28 10:57:18am,11.75
2018-03-28 10:58:24am,11.38
2018-03-28 10:59:31am,10.81
2018-03-28 11:00:37am,10.75
2018-03-28 11:01:43am,10.81
2018-03-28 11:02:49am,10.75
2018-03-28 11:03:56am,10.75
2018-03-28 11:05:02am,10.56
2018-03-28 11:06:09am,10.50
2018-03-28 11:07:15am,10.50
2018-03-28 11:08:21am,10.50
2018-03-28 11:09:28am,10.50
2018-03-28 11:10:34am,10.50
2018-03-28 11:11:40am,10.38
2018-03-28 11:12:47am,10.19
2018-03-28 11:13:53am,10.38
2018-03-28 11:14:59am,10.50
2018-03-28 11:16:06am,10.63
2018-03-28 11:17:12am,10.75
2018-03-28 11:18:18am,10.75
2018-03-28 11:19:24am,10.88
2018-03-28 11:20:31am,10.94
2018-03-28 11:21:37am,10.88
2018-03-28 11:22:44am,10.94
2018-03-28 11:23:50am,10.88
2018-03-28 11:24:56am,10.94
2018-03-28 11:26:02am,10.94
2018-03-28 11:27:09am,10.94
2018-03-28 11:28:15am,10.94
2018-03-28 11:29:21am,11.00
2018-03-28 11:30:28am,11.06
2018-03-28 11:31:34am,11.06
2018-03-28 11:32:40am,11.00
2018-03-28 11:33:47am,10.94
2018-03-28 11:34:53am,10.94
2018-03-28 11:35:59am,10.88
2018-03-28 11:37:06am,10.88
2018-03-28 11:38:12am,10.88
2018-03-28 11:39:19am,10.88
2018-03-28 11:40:25am,10.81
2018-03-28 11:41:32am,10.75
2018-03-28 11:42:38am,10.63
2018-03-28 11:43:44am,10.69
2018-03-28 11:44:51am,10.75
2018-03-28 11:45:57am,10.75
2018-03-28 11:47:03am,10.75
2018-03-28 11:48:10am,10.69
2018-03-28 11:49:16am,10.75
2018-03-28 11:50:22am,10.69
2018-03-28 11:51:28am,10.63
2018-03-28 11:52:35am,10.69
2018-03-28 11:53:41am,10.63
2018-03-28 11:54:47am,10.75
2018-03-28 11:55:54am,10.81
2018-03-28 11:57:00am,10.88
2018-03-28 11:58:06am,10.88
2018-03-28 11:59:13am,10.88
2018-03-28 12:00:19pm,10.88
2018-03-28 12:01:25pm,10.88
2018-03-28 12:02:32pm,10.94
2018-03-28 12:03:38pm,10.94
2018-03-28 12:04:45pm,10.88
2018-03-28 12:05:54pm,10.88
2018-03-28 12:06:52pm,10.81
2018-03-28 12:07:59pm,10.81
2018-03-28 12:09:05pm,10.88
2018-03-28 12:10:11pm,10.88
2018-03-28 12:11:18pm,10.88
2018-03-28 12:12:24pm,10.94
2018-03-28 12:13:30pm,11.00
2018-03-28 12:14:37pm,11.00
2018-03-28 12:15:43pm,11.00
2018-03-28 12:16:49pm,11.00
2018-03-28 12:17:59pm,11.00
2018-03-28 12:19:05pm,11.00
2018-03-28 12:20:11pm,10.94
2018-03-28 12:21:18pm,10.75
2018-03-28 12:22:24pm,10.75
2018-03-28 12:23:30pm,10.75
2018-03-28 12:24:37pm,10.81
2018-03-28 12:25:43pm,10.81
2018-03-28 12:26:49pm,10.88
2018-03-28 12:27:56pm,10.88
2018-03-28 12:29:02pm,10.81
2018-03-28 12:30:08pm,10.88
2018-03-28 12:31:15pm,10.94
2018-03-28 12:32:21pm,10.88
2018-03-28 12:33:27pm,11.00
2018-03-28 12:34:34pm,11.00
2018-03-28 12:35:40pm,11.06
2018-03-28 12:36:46pm,11.12
2018-03-28 12:37:53pm,11.25
2018-03-28 12:38:59pm,11.25
2018-03-28 12:40:05pm,11.25
2018-03-28 12:41:12pm,11.19
2018-03-28 12:42:18pm,11.19
2018-03-28 12:43:24pm,11.25
2018-03-28 12:44:31pm,11.31
2018-03-28 12:45:37pm,11.38
2018-03-28 12:46:43pm,11.38
2018-03-28 12:47:50pm,11.31
2018-03-28 12:48:56pm,11.38
2018-03-28 12:50:06pm,11.44
2018-03-28 12:52:21pm,11.44
2018-03-28 12:53:27pm,11.50
2018-03-28 12:54:33pm,11.50
2018-03-28 12:55:40pm,11.56
2018-03-28 12:56:46pm,11.63
2018-03-28 12:57:52pm,11.69
2018-03-28 12:58:59pm,11.81
2018-03-28 01:00:05pm,11.88
2018-03-28 01:01:14pm,11.94
2018-03-28 01:02:13pm,11.94
2018-03-28 01:03:19pm,11.94
2018-03-28 01:04:25pm,11.88
2018-03-28 01:05:32pm,11.81
2018-03-28 01:06:38pm,11.81
2018-03-28 01:07:44pm,11.63
2018-03-28 01:08:51pm,11.31
2018-03-28 01:09:57pm,11.19
2018-03-28 01:11:03pm,11.31
2018-03-28 01:12:10pm,11.44
2018-03-28 01:13:16pm,11.50
2018-03-28 01:14:22pm,11.63
2018-03-28 01:15:29pm,11.69
2018-03-28 01:16:35pm,11.75
2018-03-28 01:17:42pm,11.75
2018-03-28 01:18:48pm,11.94
2018-03-28 01:19:54pm,12.00
2018-03-28 01:21:01pm,11.94
2018-03-28 01:22:07pm,12.00
2018-03-28 01:23:13pm,12.00
2018-03-28 01:24:20pm,11.94
2018-03-28 01:25:26pm,11.94
2018-03-28 01:26:32pm,12.00
2018-03-28 01:27:39pm,11.88
2018-03-28 01:28:45pm,11.88
2018-03-28 01:29:51pm,11.88
2018-03-28 01:30:58pm,11.94
2018-03-28 01:32:04pm,11.81
2018-03-28 01:33:10pm,11.88
2018-03-28 01:34:17pm,11.94
2018-03-28 01:35:23pm,11.94
2018-03-28 01:36:29pm,11.94
2018-03-28 01:37:36pm,11.94
2018-03-28 01:38:42pm,11.94
2018-03-28 01:39:48pm,11.88
2018-03-28 01:40:55pm,11.88
2018-03-28 01:42:01pm,11.88
2018-03-28 01:43:07pm,11.88
2018-03-28 01:44:15pm,11.81
2018-03-28 01:45:21pm,11.81
2018-03-28 01:46:27pm,11.88
2018-03-28 01:47:34pm,11.88
2018-03-28 01:48:40pm,11.81
2018-03-28 01:49:46pm,11.88
2018-03-28 01:50:53pm,11.81
2018-03-28 01:51:59pm,11.81
2018-03-28 01:53:05pm,11.75
2018-03-28 01:54:16pm,11.81
2018-03-28 01:55:22pm,11.88
2018-03-28 01:56:28pm,11.88
2018-03-28 01:57:35pm,11.94
2018-03-28 01:58:41pm,12.06
2018-03-28 01:59:47pm,12.06
2018-03-28 02:00:54pm,12.06
2018-03-28 02:02:00pm,12.06
2018-03-28 02:03:06pm,12.06
2018-03-28 02:04:13pm,12.00
2018-03-28 02:05:19pm,11.94
2018-03-28 02:06:25pm,11.88
2018-03-28 02:07:32pm,11.88
2018-03-28 02:08:38pm,11.81
2018-03-28 02:09:44pm,11.81
2018-03-28 02:10:51pm,11.81
2018-03-28 02:11:57pm,11.75
2018-03-28 02:13:03pm,11.75
2018-03-28 02:14:10pm,11.63
2018-03-28 02:15:16pm,11.50
2018-03-28 02:16:22pm,11.44
2018-03-28 02:17:29pm,11.44
2018-03-28 02:18:35pm,11.44
2018-03-28 02:19:41pm,11.44
2018-03-28 02:20:48pm,11.44
2018-03-28 02:21:54pm,11.50
2018-03-28 02:23:00pm,11.56
2018-03-28 02:24:07pm,11.44
2018-03-28 02:25:13pm,11.56
2018-03-28 02:26:19pm,11.56
2018-03-28 02:27:26pm,11.69
2018-03-28 02:28:32pm,11.75
2018-03-28 02:29:38pm,11.81
2018-03-28 02:30:45pm,11.88
2018-03-28 02:31:51pm,11.81
2018-03-28 02:32:57pm,11.81
2018-03-28 02:34:04pm,11.81
2018-03-28 02:35:10pm,11.63
2018-03-28 02:36:16pm,11.63
2018-03-28 02:37:23pm,11.63
2018-03-28 02:38:29pm,11.56
2018-03-28 02:39:35pm,11.63
2018-03-28 02:40:42pm,11.75
2018-03-28 02:41:48pm,11.75
2018-03-28 02:42:55pm,11.69
2018-03-28 02:44:04pm,11.63
2018-03-28 02:46:16pm,11.50
2018-03-28 02:48:29pm,11.50
2018-03-28 02:49:35pm,11.50
2018-03-28 02:50:42pm,11.56
2018-03-28 02:51:48pm,11.63
2018-03-28 02:52:54pm,11.63
2018-03-28 02:54:01pm,11.75
2018-03-28 02:55:07pm,11.69
2018-03-28 02:56:13pm,11.81
2018-03-28 02:57:20pm,11.75
2018-03-28 02:58:26pm,11.75
2018-03-28 02:59:32pm,11.81
2018-03-28 03:00:39pm,11.88
2018-03-28 03:01:45pm,12.00
2018-03-28 03:02:51pm,12.00
2018-03-28 03:03:58pm,11.88
2018-03-28 03:05:04pm,12.00
2018-03-28 03:06:10pm,11.94
2018-03-28 03:07:17pm,11.94
2018-03-28 03:08:23pm,11.94
2018-03-28 03:09:29pm,11.94
2018-03-28 03:10:36pm,11.94
2018-03-28 03:11:42pm,12.00
2018-03-28 03:12:48pm,12.06
2018-03-28 03:13:55pm,12.06
2018-03-28 03:15:02pm,12.19
2018-03-28 03:16:11pm,12.44
2018-03-28 03:17:17pm,12.56
2018-03-28 03:18:24pm,12.69
2018-03-28 03:19:30pm,12.63
2018-03-28 03:20:36pm,12.56
2018-03-28 03:21:43pm,12.56
2018-03-28 03:22:49pm,12.25
2018-03-28 03:23:55pm,12.25
2018-03-28 03:25:02pm,12.37
2018-03-28 03:26:08pm,12.50
2018-03-28 03:27:14pm,12.56
2018-03-28 03:28:21pm,12.63
2018-03-28 03:29:27pm,12.63
2018-03-28 03:30:34pm,12.63
2018-03-28 03:31:40pm,12.63
2018-03-28 03:33:08pm,12.69
2018-03-28 03:33:48pm,12.69
2018-03-28 03:34:55pm,12.31
2018-03-28 03:36:01pm,12.37
2018-03-28 03:37:07pm,12.56
2018-03-28 03:38:14pm,12.63
2018-03-28 03:39:20pm,12.69
2018-03-28 03:40:27pm,12.63
2018-03-28 03:41:33pm,12.63
2018-03-28 03:42:42pm,12.56
2018-03-28 03:43:41pm,12.50
2018-03-28 03:44:47pm,12.44
2018-03-28 03:45:53pm,12.37
2018-03-28 03:47:00pm,12.31
2018-03-28 03:48:06pm,12.31
2018-03-28 03:49:12pm,12.31
2018-03-28 03:50:21pm,12.31
2018-03-28 03:51:28pm,12.31
2018-03-28 03:52:34pm,12.37
2018-03-28 03:53:40pm,12.50
2018-03-28 03:54:47pm,12.56
2018-03-28 03:55:53pm,12.63
2018-03-28 03:56:59pm,12.75
2018-03-28 03:58:06pm,12.63
2018-03-28 03:59:12pm,12.75
2018-03-28 04:00:18pm,12.75
2018-03-28 04:01:25pm,12.81
2018-03-28 04:02:31pm,12.88
2018-03-28 04:03:37pm,12.88
2018-03-28 04:04:44pm,12.81
2018-03-28 04:05:50pm,12.81
2018-03-28 04:06:56pm,12.88
2018-03-28 04:08:03pm,12.81
2018-03-28 04:09:09pm,12.81
2018-03-28 04:10:15pm,12.81
2018-03-28 04:11:22pm,12.81
2018-03-28 04:12:28pm,12.75
2018-03-28 04:13:34pm,12.81
2018-03-28 04:14:41pm,12.88
2018-03-28 04:15:47pm,12.75
2018-03-28 04:16:53pm,12.75
2018-03-28 04:18:02pm,12.69
2018-03-28 04:19:01pm,12.69
2018-03-28 04:20:07pm,12.69
2018-03-28 04:21:14pm,12.69
2018-03-28 04:22:20pm,12.75
2018-03-28 04:23:26pm,12.75
2018-03-28 04:24:33pm,12.75
2018-03-28 04:25:39pm,12.69
2018-03-28 04:26:45pm,12.81
2018-03-28 04:27:52pm,12.75
2018-03-28 04:28:58pm,12.75
2018-03-28 04:30:04pm,12.75
2018-03-28 04:31:11pm,12.75
2018-03-28 04:32:17pm,12.56
2018-03-28 04:33:23pm,12.25
2018-03-28 04:34:29pm,12.31
2018-03-28 04:35:36pm,12.37
2018-03-28 04:36:42pm,12.50
2018-03-28 04:37:48pm,12.56
2018-03-28 04:38:55pm,12.75
2018-03-28 04:40:01pm,12.94
2018-03-28 04:41:08pm,13.13
2018-03-28 04:42:15pm,13.19
2018-03-28 04:43:21pm,13.06
2018-03-28 04:44:27pm,12.94
2018-03-28 04:45:37pm,13.13
2018-03-28 04:46:44pm,13.00
2018-03-28 04:47:50pm,12.88
2018-03-28 04:48:56pm,12.88
2018-03-28 04:50:03pm,13.00
2018-03-28 04:51:09pm,12.88
2018-03-28 04:52:21pm,12.94
2018-03-28 04:53:19pm,12.75
2018-03-28 04:54:26pm,12.88
2018-03-28 04:55:32pm,12.94
2018-03-28 04:56:39pm,12.88
2018-03-28 04:57:45pm,12.88
2018-03-28 04:58:51pm,12.88
2018-03-28 04:59:57pm,12.94
2018-03-28 05:01:04pm,12.81
2018-03-28 05:02:10pm,12.81
2018-03-28 05:03:16pm,12.88
2018-03-28 05:04:23pm,13.00
2018-03-28 05:05:29pm,13.06
2018-03-28 05:06:35pm,12.94
2018-03-28 05:07:42pm,13.00
2018-03-28 05:08:48pm,12.94
2018-03-28 05:09:54pm,12.94
2018-03-28 05:11:01pm,13.00
2018-03-28 05:12:07pm,13.00
2018-03-28 05:13:13pm,13.00
2018-03-28 05:14:20pm,13.06
2018-03-28 05:15:26pm,12.94
2018-03-28 05:16:32pm,12.94
2018-03-28 05:17:38pm,12.88
2018-03-28 05:18:45pm,13.06
2018-03-28 05:19:51pm,13.06
2018-03-28 05:20:57pm,13.06
2018-03-28 05:22:04pm,13.06
2018-03-28 05:23:10pm,13.13
2018-03-28 05:24:17pm,13.19
2018-03-28 05:25:23pm,13.19
2018-03-28 05:26:29pm,13.13
2018-03-28 05:27:35pm,13.13
2018-03-28 05:28:42pm,13.13
2018-03-28 05:29:48pm,13.13
2018-03-28 05:30:54pm,13.19
2018-03-28 05:32:01pm,13.31
2018-03-28 05:33:07pm,13.25
2018-03-28 05:34:13pm,13.25
2018-03-28 05:35:20pm,13.06
2018-03-28 05:36:26pm,13.00
2018-03-28 05:37:32pm,12.88
2018-03-28 05:38:39pm,12.69
2018-03-28 05:39:45pm,12.63
2018-03-28 05:40:51pm,12.69
2018-03-28 05:41:58pm,12.63
2018-03-28 05:43:04pm,12.63
2018-03-28 05:44:10pm,12.56
2018-03-28 05:45:17pm,12.75
2018-03-28 05:46:23pm,12.81
2018-03-28 05:47:29pm,13.00
2018-03-28 05:48:36pm,12.88
2018-03-28 05:49:42pm,12.94
2018-03-28 05:50:48pm,13.00
2018-03-28 05:51:55pm,13.00
2018-03-28 05:53:01pm,13.06
2018-03-28 05:54:07pm,12.94
2018-03-28 05:55:14pm,12.94
2018-03-28 05:56:20pm,12.94
2018-03-28 05:57:26pm,13.00
2018-03-28 05:58:33pm,13.06
2018-03-28 05:59:39pm,13.13
2018-03-28 06:00:45pm,13.19
2018-03-28 06:01:52pm,13.19
2018-03-28 06:02:58pm,13.25
2018-03-28 06:04:04pm,13.38
2018-03-28 06:05:11pm,13.44
2018-03-28 06:06:17pm,13.31
2018-03-28 06:07:23pm,13.25
2018-03-28 06:08:30pm,13.31
2018-03-28 06:09:36pm,13.25
2018-03-28 06:10:42pm,13.25
2018-03-28 06:11:49pm,13.25
2018-03-28 06:12:55pm,13.25
2018-03-28 06:14:01pm,13.25
2018-03-28 06:15:08pm,13.31
2018-03-28 06:16:14pm,13.19
2018-03-28 06:17:20pm,13.13
2018-03-28 06:18:27pm,13.13
2018-03-28 06:19:33pm,13.06
2018-03-28 06:20:39pm,12.94
2018-03-28 06:21:46pm,12.69
2018-03-28 06:22:52pm,12.63
2018-03-28 06:23:58pm,12.50
2018-03-28 06:25:05pm,12.44
2018-03-28 06:26:11pm,12.44
2018-03-28 06:27:17pm,12.37
2018-03-28 06:28:24pm,12.44
2018-03-28 06:29:30pm,12.31
2018-03-28 06:30:39pm,12.19
2018-03-28 06:31:38pm,12.19
2018-03-28 06:32:44pm,12.13
2018-03-28 06:33:51pm,12.19
2018-03-28 06:34:58pm,12.19
2018-03-28 06:36:05pm,12.13
2018-03-28 06:37:11pm,12.37
2018-03-28 06:38:18pm,12.37
2018-03-28 06:39:24pm,12.31
2018-03-28 06:40:31pm,12.31
2018-03-28 06:41:37pm,12.37
2018-03-28 06:42:43pm,12.31
2018-03-28 06:43:50pm,12.31
2018-03-28 06:44:56pm,12.31
2018-03-28 06:46:02pm,12.25
2018-03-28 06:47:09pm,12.25
2018-03-28 06:48:15pm,12.25
2018-03-28 06:49:21pm,12.25
2018-03-28 06:50:28pm,12.25
2018-03-28 06:51:34pm,12.25
2018-03-28 06:52:43pm,12.25
2018-03-28 06:53:50pm,12.25
2018-03-28 06:54:56pm,12.31
2018-03-28 06:56:02pm,12.50
2018-03-28 06:57:09pm,12.44
2018-03-28 06:58:15pm,12.37
2018-03-28 06:59:21pm,12.31
2018-03-28 07:00:28pm,12.25
2018-03-28 07:01:34pm,12.44
2018-03-28 07:02:40pm,12.31
2018-03-28 07:03:47pm,12.31
2018-03-28 07:04:53pm,12.25
2018-03-28 07:07:05pm,12.25
2018-03-28 07:08:11pm,12.25
2018-03-28 07:09:18pm,12.25
2018-03-28 07:10:24pm,12.31
2018-03-28 07:11:30pm,12.44
2018-03-28 07:12:37pm,12.37
2018-03-28 07:13:43pm,12.25
2018-03-28 07:14:49pm,12.19
2018-03-28 07:15:56pm,12.25
2018-03-28 07:17:02pm,12.25
2018-03-28 07:18:09pm,12.19
2018-03-28 07:19:15pm,12.13
2018-03-28 07:20:21pm,12.19
2018-03-28 07:21:28pm,12.19
2018-03-28 07:22:34pm,12.19
2018-03-28 07:23:40pm,12.19
2018-03-28 07:24:47pm,12.13
2018-03-28 07:25:53pm,12.13
2018-03-28 07:26:59pm,12.13
2018-03-28 07:28:06pm,12.06
2018-03-28 07:29:12pm,12.06
2018-03-28 07:30:18pm,12.06
2018-03-28 07:31:25pm,12.06
2018-03-28 07:32:31pm,12.06
2018-03-28 07:33:37pm,12.06
2018-03-28 07:34:44pm,12.06
2018-03-28 07:35:50pm,12.06
2018-03-28 07:36:56pm,12.06
2018-03-28 07:38:03pm,12.00
2018-03-28 07:39:09pm,12.00
2018-03-28 07:40:15pm,11.94
2018-03-28 07:41:22pm,11.94
2018-03-28 07:42:28pm,12.00
2018-03-28 07:43:34pm,12.00
2018-03-28 07:44:41pm,12.00
2018-03-28 07:45:47pm,12.06
2018-03-28 07:46:53pm,12.06
2018-03-28 07:48:00pm,11.94
2018-03-28 07:49:06pm,11.94
2018-03-28 07:50:12pm,11.94
2018-03-28 07:51:19pm,11.94
2018-03-28 07:52:25pm,11.94
2018-03-28 07:53:31pm,11.88
2018-03-28 07:54:38pm,11.88
2018-03-28 07:55:44pm,11.88
2018-03-28 07:56:50pm,11.88
2018-03-28 07:57:57pm,12.00
2018-03-28 07:59:06pm,11.94
2018-03-28 08:00:12pm,11.94
2018-03-28 08:01:19pm,11.94
2018-03-28 08:02:25pm,11.94
2018-03-28 08:03:31pm,11.94
2018-03-28 08:04:38pm,11.94
2018-03-28 08:05:44pm,11.94
2018-03-28 08:06:50pm,11.94
2018-03-28 08:07:57pm,11.88
2018-03-28 08:09:03pm,11.81
2018-03-28 08:10:09pm,11.81
2018-03-28 08:11:16pm,11.81
2018-03-28 08:12:22pm,11.81
2018-03-28 08:13:28pm,11.94
2018-03-28 08:14:35pm,11.88
2018-03-28 08:15:41pm,11.81
2018-03-28 08:16:47pm,11.88
2018-03-28 08:17:53pm,11.88
2018-03-28 08:19:00pm,11.88
2018-03-28 08:20:09pm,11.88
2018-03-28 08:21:08pm,11.88
2018-03-28 08:22:14pm,11.88
2018-03-28 08:23:20pm,11.81
2018-03-28 08:24:26pm,11.75
2018-03-28 08:25:33pm,11.75
2018-03-28 08:26:39pm,11.75
2018-03-28 08:27:46pm,11.75
2018-03-28 08:28:52pm,11.75
2018-03-28 08:29:58pm,11.75
2018-03-28 08:31:05pm,11.69
2018-03-28 08:32:11pm,11.81
2018-03-28 08:33:17pm,11.75
2018-03-28 08:34:24pm,11.75
2018-03-28 08:35:30pm,11.75
2018-03-28 08:36:36pm,11.75
2018-03-28 08:37:43pm,11.69
2018-03-28 08:38:49pm,11.69
2018-03-28 08:39:55pm,11.69
2018-03-28 08:41:02pm,11.69
2018-03-28 08:42:08pm,11.75
2018-03-28 08:43:14pm,11.69
2018-03-28 08:44:21pm,11.75
2018-03-28 08:45:27pm,11.69
2018-03-28 08:46:34pm,11.69
2018-03-28 08:47:40pm,11.69
2018-03-28 08:48:46pm,11.69
2018-03-28 08:49:53pm,11.63
2018-03-28 08:50:59pm,11.63
2018-03-28 08:52:05pm,11.56
2018-03-28 08:53:12pm,11.56
2018-03-28 08:54:18pm,11.56
2018-03-28 08:55:24pm,11.56
2018-03-28 08:56:31pm,11.56
2018-03-28 08:57:37pm,11.56
2018-03-28 08:58:43pm,11.56
2018-03-28 08:59:50pm,11.56
2018-03-28 09:00:56pm,11.56
2018-03-28 09:02:02pm,11.56
2018-03-28 09:03:09pm,11.50
2018-03-28 09:04:15pm,11.44
2018-03-28 09:05:21pm,11.44
2018-03-28 09:06:28pm,11.44
2018-03-28 09:07:34pm,11.44
2018-03-28 09:08:40pm,11.44
2018-03-28 09:09:47pm,11.44
2018-03-28 09:10:53pm,11.44
2018-03-28 09:11:59pm,11.38
2018-03-28 09:13:06pm,11.44
2018-03-28 09:14:12pm,11.44
2018-03-28 09:15:18pm,11.44
2018-03-28 09:16:25pm,11.38
2018-03-28 09:17:31pm,11.38
2018-03-28 09:18:37pm,11.38
2018-03-28 09:19:44pm,11.44
2018-03-28 09:20:50pm,11.44
2018-03-28 09:21:56pm,11.50
2018-03-28 09:23:03pm,11.56
2018-03-28 09:24:09pm,11.63
2018-03-28 09:25:15pm,11.75
2018-03-28 09:26:22pm,11.63
2018-03-28 09:27:28pm,11.63
2018-03-28 09:28:34pm,11.50
2018-03-28 09:29:41pm,11.44
2018-03-28 09:30:47pm,11.38
2018-03-28 09:31:53pm,11.38
2018-03-28 09:33:00pm,11.31
2018-03-28 09:34:06pm,11.31
2018-03-28 09:35:12pm,11.31
2018-03-28 09:36:19pm,11.31
2018-03-28 09:37:25pm,11.31
2018-03-28 09:38:31pm,11.31
2018-03-28 09:39:38pm,11.25
2018-03-28 09:40:44pm,11.19
2018-03-28 09:41:50pm,11.19
2018-03-28 09:42:57pm,11.19
2018-03-28 09:44:03pm,11.12
2018-03-28 09:45:09pm,11.12
2018-03-28 09:46:16pm,11.06
2018-03-28 09:47:22pm,11.06
2018-03-28 09:48:28pm,11.06
2018-03-28 09:49:35pm,11.06
2018-03-28 09:50:41pm,11.00
2018-03-28 09:51:47pm,11.00
2018-03-28 09:52:54pm,11.06
2018-03-28 09:54:00pm,11.00
2018-03-28 09:55:06pm,11.00
2018-03-28 09:56:13pm,11.00
2018-03-28 09:57:19pm,10.94
2018-03-28 09:58:25pm,10.88
2018-03-28 09:59:32pm,10.81
2018-03-28 10:00:38pm,10.75
2018-03-28 10:01:44pm,10.75
2018-03-28 10:02:51pm,10.75
2018-03-28 10:03:57pm,10.75
2018-03-28 10:05:03pm,10.75
2018-03-28 10:06:10pm,10.75
2018-03-28 10:07:16pm,10.75
2018-03-28 10:08:22pm,10.75
2018-03-28 10:09:29pm,10.69
2018-03-28 10:10:35pm,10.69
2018-03-28 10:11:41pm,10.75
2018-03-28 10:12:47pm,10.81
2018-03-28 10:13:54pm,10.81
2018-03-28 10:15:00pm,10.75
2018-03-28 10:16:07pm,10.75
2018-03-28 10:17:13pm,10.75
2018-03-28 10:18:19pm,10.81
2018-03-28 10:19:25pm,10.81
2018-03-28 10:20:32pm,10.81
2018-03-28 10:21:38pm,10.75
2018-03-28 10:22:45pm,10.75
2018-03-28 10:23:51pm,10.75
2018-03-28 10:24:57pm,10.81
2018-03-28 10:26:04pm,10.81
2018-03-28 10:27:10pm,10.81
2018-03-28 10:28:16pm,10.81
2018-03-28 10:29:22pm,10.81
2018-03-28 10:30:29pm,10.75
2018-03-28 10:31:35pm,10.75
2018-03-28 10:32:41pm,10.75
2018-03-28 10:33:48pm,10.75
2018-03-28 10:34:54pm,10.75
2018-03-28 10:36:00pm,10.81
2018-03-28 10:37:07pm,10.81
2018-03-28 10:38:13pm,10.75
2018-03-28 10:39:19pm,10.69
2018-03-28 10:40:26pm,10.63
2018-03-28 10:41:32pm,10.69
2018-03-28 10:42:38pm,10.63
2018-03-28 10:43:45pm,10.69
2018-03-28 10:44:51pm,10.63
2018-03-28 10:45:57pm,10.63
2018-03-28 10:47:04pm,10.63
2018-03-28 10:48:10pm,10.56
2018-03-28 10:49:16pm,10.56
2018-03-28 10:50:23pm,10.56
2018-03-28 10:51:29pm,10.50
2018-03-28 10:52:36pm,10.50
2018-03-28 10:53:42pm,10.44
2018-03-28 10:54:48pm,10.44
2018-03-28 10:55:55pm,10.44
2018-03-28 10:57:01pm,10.44
2018-03-28 10:58:07pm,10.38
2018-03-28 10:59:14pm,10.31
2018-03-28 11:00:20pm,10.31
2018-03-28 11:01:27pm,10.31
2018-03-28 11:02:33pm,10.31
2018-03-28 11:03:39pm,10.31
2018-03-28 11:04:46pm,10.31
2018-03-28 11:05:52pm,10.38
2018-03-28 11:06:58pm,10.38
2018-03-28 11:08:05pm,10.38
2018-03-28 11:09:11pm,10.38
2018-03-28 11:10:17pm,10.38
2018-03-28 11:11:24pm,10.38
2018-03-28 11:12:30pm,10.31
2018-03-28 11:13:36pm,10.38
2018-03-28 11:14:43pm,10.38
2018-03-28 11:15:49pm,10.31
2018-03-28 11:16:55pm,10.31
2018-03-28 11:18:04pm,10.31
2018-03-28 11:19:03pm,10.38
2018-03-28 11:20:09pm,10.31
2018-03-28 11:21:15pm,10.38
2018-03-28 11:22:22pm,10.31
2018-03-28 11:23:28pm,10.31
2018-03-28 11:24:34pm,10.31
2018-03-28 11:25:41pm,10.38
2018-03-28 11:26:47pm,10.38
2018-03-28 11:27:53pm,10.44
2018-03-28 11:29:00pm,10.38
2018-03-28 11:30:06pm,10.44
2018-03-28 11:31:12pm,10.44
2018-03-28 11:32:19pm,10.44
2018-03-28 11:33:25pm,10.50
2018-03-28 11:34:31pm,10.56
2018-03-28 11:35:38pm,10.56
2018-03-28 11:36:44pm,10.56
2018-03-28 11:37:50pm,10.56
2018-03-28 11:38:57pm,10.50
2018-03-28 11:40:03pm,10.50
2018-03-28 11:41:09pm,10.50
2018-03-28 11:42:16pm,10.50
2018-03-28 11:43:22pm,10.50
2018-03-28 11:44:28pm,10.50
2018-03-28 11:45:35pm,10.44
2018-03-28 11:46:41pm,10.44
2018-03-28 11:47:47pm,10.44
2018-03-28 11:48:54pm,10.44
2018-03-28 11:50:00pm,10.44
2018-03-28 11:51:06pm,10.50
2018-03-28 11:52:13pm,10.44
2018-03-28 11:53:19pm,10.44
2018-03-28 11:54:25pm,10.44
2018-03-28 11:55:32pm,10.50
2018-03-28 11:56:38pm,10.50
2018-03-28 11:57:44pm,10.44
2018-03-28 11:58:51pm,10.44
2018-03-28 11:59:57pm,10.44
2018-03-29 12:01:03am,10.44
2018-03-29 12:02:10am,10.44
2018-03-29 12:03:16am,10.50
2018-03-29 12:04:22am,10.69
2018-03-29 12:05:29am,10.88
2018-03-29 12:06:35am,11.00
2018-03-29 12:07:41am,11.25
2018-03-29 12:08:48am,11.25
2018-03-29 12:09:54am,11.19
2018-03-29 12:11:00am,11.25
2018-03-29 12:12:06am,11.25
2018-03-29 12:13:13am,11.31
2018-03-29 12:14:19am,11.19
2018-03-29 12:15:25am,11.06
2018-03-29 12:16:32am,11.00
2018-03-29 12:17:38am,10.88
2018-03-29 12:18:44am,10.75
2018-03-29 12:19:51am,10.69
2018-03-29 12:20:57am,10.63
2018-03-29 12:22:03am,10.56
2018-03-29 12:23:10am,10.50
2018-03-29 12:24:16am,10.50
2018-03-29 12:25:22am,10.50
2018-03-29 12:26:29am,10.50
2018-03-29 12:27:35am,10.56
2018-03-29 12:28:41am,10.63
2018-03-29 12:29:48am,10.56
2018-03-29 12:30:54am,10.56
2018-03-29 12:32:00am,10.56
2018-03-29 12:33:07am,10.50
2018-03-29 12:34:13am,10.50
2018-03-29 12:35:19am,10.50
2018-03-29 12:36:26am,10.56
2018-03-29 12:37:32am,10.63
2018-03-29 12:38:38am,10.63
2018-03-29 12:39:45am,10.69
2018-03-29 12:40:51am,10.75
2018-03-29 12:42:00am,10.81
2018-03-29 12:43:06am,10.94
2018-03-29 12:44:13am,11.06
2018-03-29 12:45:19am,11.19
2018-03-29 12:46:25am,11.31
2018-03-29 12:47:32am,11.44
2018-03-29 12:48:38am,11.44
2018-03-29 12:49:44am,11.31
2018-03-29 12:50:51am,11.19
2018-03-29 12:51:57am,11.06
2018-03-29 12:53:03am,11.06
2018-03-29 12:54:10am,11.00
2018-03-29 12:55:16am,10.94
2018-03-29 12:56:22am,10.94
2018-03-29 12:57:29am,11.06
2018-03-29 12:58:35am,11.38
2018-03-29 12:59:41am,11.50
2018-03-29 01:00:48am,11.25
2018-03-29 01:01:54am,11.00
2018-03-29 01:03:00am,10.88
2018-03-29 01:04:07am,10.75
2018-03-29 01:05:13am,10.75
2018-03-29 01:06:19am,10.69
2018-03-29 01:07:26am,10.69
2018-03-29 01:08:32am,10.69
2018-03-29 01:09:33am,10.69
2018-03-29 01:10:40am,10.69
2018-03-29 01:11:46am,10.69
2018-03-29 01:12:52am,10.69
2018-03-29 01:13:59am,10.69
2018-03-29 01:15:05am,10.69
2018-03-29 01:16:11am,10.75
2018-03-29 01:17:18am,10.94
2018-03-29 01:18:24am,11.00
2018-03-29 01:19:30am,11.00
2018-03-29 01:20:37am,11.12
2018-03-29 01:21:43am,11.31
2018-03-29 01:22:49am,11.50
2018-03-29 01:23:56am,11.50
2018-03-29 01:25:02am,11.50
2018-03-29 01:26:08am,11.50
2018-03-29 01:27:15am,11.69
2018-03-29 01:28:21am,11.75
2018-03-29 01:29:27am,11.81
2018-03-29 01:30:34am,12.00
2018-03-29 01:31:40am,12.19
2018-03-29 01:32:46am,12.37
2018-03-29 01:33:53am,12.31
2018-03-29 01:34:59am,12.06
2018-03-29 01:36:06am,11.88
2018-03-29 01:37:12am,11.75
2018-03-29 01:38:18am,11.56
2018-03-29 01:39:25am,11.69
2018-03-29 01:40:31am,11.75
2018-03-29 01:41:37am,11.50
2018-03-29 01:42:44am,11.38
2018-03-29 01:43:50am,11.31
2018-03-29 01:44:56am,11.25
2018-03-29 01:46:03am,11.19
2018-03-29 01:47:09am,11.12
2018-03-29 01:48:15am,11.06
2018-03-29 01:49:22am,11.06
2018-03-29 01:50:28am,11.06
2018-03-29 01:51:34am,11.06
2018-03-29 01:52:41am,11.06
2018-03-29 01:53:47am,11.00
2018-03-29 01:54:53am,11.00
2018-03-29 01:56:00am,11.19
2018-03-29 01:57:06am,11.25
2018-03-29 01:58:12am,11.31
2018-03-29 01:59:18am,11.50
2018-03-29 02:00:25am,11.63
2018-03-29 02:01:31am,11.75
2018-03-29 02:02:37am,11.75
2018-03-29 02:03:44am,11.69
2018-03-29 02:04:50am,11.69
2018-03-29 02:05:56am,11.75
2018-03-29 02:07:03am,11.94
2018-03-29 02:08:09am,11.88
2018-03-29 02:09:15am,11.75
2018-03-29 02:10:22am,11.69
2018-03-29 02:11:28am,11.50
2018-03-29 02:12:34am,11.31
2018-03-29 02:13:41am,11.19
2018-03-29 02:14:47am,11.00
2018-03-29 02:15:53am,10.94
2018-03-29 02:17:00am,10.81
2018-03-29 02:18:06am,10.88
2018-03-29 02:19:12am,11.00
2018-03-29 02:20:19am,11.31
2018-03-29 02:21:25am,11.31
2018-03-29 02:22:31am,11.31
2018-03-29 02:23:38am,11.19
2018-03-29 02:24:44am,11.19
2018-03-29 02:25:50am,11.12
2018-03-29 02:26:57am,11.00
2018-03-29 02:28:03am,10.88
2018-03-29 02:29:09am,10.75
2018-03-29 02:30:16am,10.75
2018-03-29 02:31:22am,10.75
2018-03-29 02:32:28am,10.81
2018-03-29 02:33:35am,10.81
2018-03-29 02:34:41am,10.75
2018-03-29 02:35:47am,10.94
2018-03-29 02:36:54am,11.00
2018-03-29 02:38:00am,11.12
2018-03-29 02:39:06am,11.06
2018-03-29 02:40:13am,11.06
2018-03-29 02:41:19am,11.00
2018-03-29 02:42:25am,10.94
2018-03-29 02:43:32am,10.94
2018-03-29 02:44:38am,11.00
2018-03-29 02:45:44am,11.06
2018-03-29 02:46:50am,11.12
2018-03-29 02:47:57am,11.19
2018-03-29 02:49:03am,11.12
2018-03-29 02:50:09am,11.12
2018-03-29 02:51:16am,11.06
2018-03-29 02:52:22am,11.12
2018-03-29 02:53:28am,11.12
2018-03-29 02:54:35am,11.06
2018-03-29 02:55:41am,11.06
2018-03-29 02:56:47am,11.12
2018-03-29 02:57:54am,11.12
2018-03-29 02:59:00am,11.12
2018-03-29 03:00:06am,11.06
2018-03-29 03:01:13am,11.06
2018-03-29 03:02:19am,11.06
2018-03-29 03:03:25am,11.00
2018-03-29 03:04:32am,11.06
2018-03-29 03:05:38am,11.00
2018-03-29 03:06:44am,11.12
2018-03-29 03:07:51am,11.25
2018-03-29 03:08:57am,11.63
2018-03-29 03:10:03am,11.69
2018-03-29 03:11:10am,11.56
2018-03-29 03:12:16am,11.38
2018-03-29 03:13:22am,11.25
2018-03-29 03:14:29am,11.19
2018-03-29 03:15:35am,11.19
2018-03-29 03:16:41am,11.25
2018-03-29 03:17:48am,11.31
2018-03-29 03:18:54am,11.31
2018-03-29 03:20:00am,11.25
2018-03-29 03:21:07am,11.19
2018-03-29 03:22:13am,11.19
2018-03-29 03:23:19am,11.19
2018-03-29 03:24:25am,11.06
2018-03-29 03:25:32am,11.00
2018-03-29 03:26:38am,10.94
2018-03-29 03:27:44am,11.00
2018-03-29 03:28:51am,11.06
2018-03-29 03:29:57am,11.19
2018-03-29 03:31:03am,11.25
2018-03-29 03:32:10am,11.19
2018-03-29 03:33:16am,11.06
2018-03-29 03:34:20am,10.94
2018-03-29 03:35:27am,10.88
2018-03-29 03:36:33am,10.88
2018-03-29 03:37:39am,10.94
2018-03-29 03:38:46am,11.00
2018-03-29 03:39:52am,10.94
2018-03-29 03:40:58am,10.88
2018-03-29 03:42:05am,10.88
2018-03-29 03:43:11am,10.88
2018-03-29 03:44:17am,10.81
2018-03-29 03:45:24am,10.75
2018-03-29 03:46:30am,10.69
2018-03-29 03:47:36am,10.69
2018-03-29 03:48:43am,10.69
2018-03-29 03:49:49am,10.69
2018-03-29 03:50:55am,10.69
2018-03-29 03:52:02am,10.75
2018-03-29 03:53:08am,10.75
2018-03-29 03:54:14am,10.81
2018-03-29 03:55:21am,10.75
2018-03-29 03:56:27am,10.69
2018-03-29 03:57:33am,10.56
2018-03-29 03:58:40am,10.56
2018-03-29 03:59:46am,10.56
2018-03-29 04:00:52am,10.56
2018-03-29 04:01:59am,10.56
2018-03-29 04:03:05am,10.50
2018-03-29 04:04:11am,10.50
2018-03-29 04:05:18am,10.44
2018-03-29 04:06:24am,10.50
2018-03-29 04:07:30am,10.44
2018-03-29 04:08:37am,10.50
2018-03-29 04:09:43am,10.44
2018-03-29 04:10:49am,10.44
2018-03-29 04:11:56am,10.50
2018-03-29 04:13:02am,10.56
2018-03-29 04:14:08am,10.69
2018-03-29 04:15:15am,10.69
2018-03-29 04:16:21am,10.63
2018-03-29 04:17:27am,10.56
2018-03-29 04:18:34am,10.63
2018-03-29 04:19:40am,10.69
2018-03-29 04:20:46am,10.75
2018-03-29 04:21:52am,10.69
2018-03-29 04:22:59am,10.69
2018-03-29 04:24:05am,10.63
2018-03-29 04:25:12am,10.63
2018-03-29 04:26:18am,10.56
2018-03-29 04:27:24am,10.56
2018-03-29 04:28:31am,10.50
2018-03-29 04:29:37am,10.50
2018-03-29 04:30:43am,10.50
2018-03-29 04:31:50am,10.44
2018-03-29 04:32:56am,10.56
2018-03-29 04:34:02am,10.56
2018-03-29 04:35:09am,10.56
2018-03-29 04:36:15am,10.56
2018-03-29 04:37:21am,10.50
2018-03-29 04:38:28am,10.44
2018-03-29 04:39:34am,10.44
2018-03-29 04:40:40am,10.50
2018-03-29 04:41:47am,10.63
2018-03-29 04:42:53am,10.75
2018-03-29 04:43:59am,10.69
2018-03-29 04:45:05am,10.63
2018-03-29 04:46:12am,10.63
2018-03-29 04:47:18am,10.69
2018-03-29 04:48:24am,10.63
2018-03-29 04:49:31am,10.63
2018-03-29 04:50:37am,10.63
2018-03-29 04:51:43am,10.69
2018-03-29 04:52:50am,10.56
2018-03-29 04:53:56am,10.50
2018-03-29 04:55:02am,10.50
2018-03-29 04:56:09am,10.44
2018-03-29 04:57:15am,10.50
2018-03-29 04:58:21am,10.56
2018-03-29 04:59:28am,10.63
2018-03-29 05:00:34am,10.69
2018-03-29 05:01:40am,10.69
2018-03-29 05:02:47am,10.69
2018-03-29 05:03:53am,10.88
2018-03-29 05:04:59am,10.75
2018-03-29 05:06:06am,11.00
2018-03-29 05:07:12am,10.88
2018-03-29 05:08:18am,10.81
2018-03-29 05:09:25am,10.75
2018-03-29 05:10:31am,10.69
2018-03-29 05:11:37am,10.63
2018-03-29 05:12:44am,10.63
2018-03-29 05:13:50am,10.56
2018-03-29 05:14:56am,10.63
2018-03-29 05:16:03am,10.63
2018-03-29 05:17:09am,10.63
2018-03-29 05:18:15am,10.69
2018-03-29 05:19:22am,10.69
2018-03-29 05:20:31am,10.69
2018-03-29 05:21:37am,10.69
2018-03-29 05:22:44am,10.69
2018-03-29 05:23:50am,10.56
2018-03-29 05:24:59am,10.56
2018-03-29 05:25:58am,10.50
2018-03-29 05:27:04am,10.56
2018-03-29 05:28:11am,10.63
2018-03-29 05:29:17am,10.63
2018-03-29 05:30:23am,10.56
2018-03-29 05:31:30am,10.50
2018-03-29 05:32:36am,10.56
2018-03-29 05:33:42am,10.50
2018-03-29 05:34:49am,10.44
2018-03-29 05:35:55am,10.44
2018-03-29 05:37:02am,10.44
2018-03-29 05:38:08am,10.38
2018-03-29 05:39:14am,10.31
2018-03-29 05:40:21am,10.31
2018-03-29 05:41:27am,10.38
2018-03-29 05:42:33am,10.31
2018-03-29 05:43:40am,10.31
2018-03-29 05:44:46am,10.31
2018-03-29 05:45:52am,10.38
2018-03-29 05:46:59am,10.38
2018-03-29 05:48:05am,10.38
2018-03-29 05:49:11am,10.31
2018-03-29 05:50:18am,10.31
2018-03-29 05:51:24am,10.38
2018-03-29 05:52:30am,10.44
2018-03-29 05:53:37am,10.44
2018-03-29 05:54:43am,10.31
2018-03-29 05:55:49am,10.25
2018-03-29 05:56:56am,10.31
2018-03-29 05:58:02am,10.25
2018-03-29 05:59:08am,10.25
2018-03-29 06:00:15am,10.25
2018-03-29 06:01:21am,10.19
2018-03-29 06:02:27am,10.25
2018-03-29 06:03:37am,10.19
2018-03-29 06:04:35am,10.19
2018-03-29 06:05:41am,10.25
2018-03-29 06:06:48am,10.19
2018-03-29 06:07:54am,10.13
2018-03-29 06:09:00am,10.13
2018-03-29 06:10:07am,10.13
2018-03-29 06:11:13am,10.19
2018-03-29 06:12:19am,10.19
2018-03-29 06:13:26am,10.19
2018-03-29 06:14:32am,10.19
2018-03-29 06:15:38am,10.31
2018-03-29 06:16:45am,10.31
2018-03-29 06:17:51am,10.25
2018-03-29 06:18:57am,10.19
2018-03-29 06:20:04am,10.13
2018-03-29 06:21:10am,10.13
2018-03-29 06:22:17am,10.06
2018-03-29 06:23:23am,10.06
2018-03-29 06:24:29am,10.06
2018-03-29 06:25:36am,10.06
2018-03-29 06:26:42am,10.13
2018-03-29 06:27:48am,10.13
2018-03-29 06:28:55am,10.06
2018-03-29 06:30:01am,10.06
2018-03-29 06:31:07am,10.06
2018-03-29 06:32:14am,10.06
2018-03-29 06:33:20am,10.00
2018-03-29 06:34:26am,10.06
2018-03-29 06:35:33am,10.00
2018-03-29 06:36:39am,10.00
2018-03-29 06:37:45am,10.06
2018-03-29 06:38:52am,10.06
2018-03-29 06:39:58am,10.00
2018-03-29 06:41:04am,10.00
2018-03-29 06:42:11am,10.00
2018-03-29 06:43:17am,10.00
2018-03-29 06:44:23am,10.00
2018-03-29 06:45:30am,10.06
2018-03-29 06:46:36am,9.94
2018-03-29 06:47:42am,9.88
2018-03-29 06:48:49am,9.88
2018-03-29 06:49:55am,9.94
2018-03-29 06:51:01am,9.94
2018-03-29 06:52:08am,9.94
2018-03-29 06:53:14am,10.00
2018-03-29 06:54:20am,9.94
2018-03-29 06:55:27am,9.94
2018-03-29 06:56:33am,9.94
2018-03-29 06:57:39am,10.00
2018-03-29 06:58:46am,9.94
2018-03-29 06:59:52am,10.00
2018-03-29 07:00:58am,9.94
2018-03-29 07:02:05am,10.00
2018-03-29 07:03:11am,10.00
2018-03-29 07:04:17am,9.94
2018-03-29 07:05:24am,9.94
2018-03-29 07:06:30am,9.88
2018-03-29 07:07:37am,9.94
2018-03-29 07:08:43am,9.88
2018-03-29 07:09:49am,9.81
2018-03-29 07:10:56am,9.75
2018-03-29 07:12:02am,9.75
2018-03-29 07:13:09am,9.81
2018-03-29 07:14:15am,9.94
2018-03-29 07:15:21am,10.00
2018-03-29 07:16:28am,10.06
2018-03-29 07:17:34am,10.06
2018-03-29 07:18:40am,10.19
2018-03-29 07:19:46am,10.06
2018-03-29 07:20:53am,10.00
2018-03-29 07:21:59am,9.94
2018-03-29 07:23:05am,9.88
2018-03-29 07:24:12am,9.88
2018-03-29 07:25:18am,9.88
2018-03-29 07:26:25am,9.94
2018-03-29 07:27:31am,9.94
2018-03-29 07:28:37am,9.94
2018-03-29 07:29:44am,10.06
2018-03-29 07:30:50am,10.31
2018-03-29 07:31:56am,10.50
2018-03-29 07:33:03am,10.44
2018-03-29 07:34:09am,10.38
2018-03-29 07:35:15am,10.25
2018-03-29 07:36:21am,10.25
2018-03-29 07:37:28am,10.25
2018-03-29 07:38:34am,10.19
2018-03-29 07:39:40am,10.19
2018-03-29 07:40:47am,10.13
2018-03-29 07:41:53am,10.13
2018-03-29 07:42:59am,10.13
2018-03-29 07:44:06am,10.06
2018-03-29 07:45:12am,10.00
2018-03-29 07:46:18am,10.00
2018-03-29 07:47:25am,9.94
2018-03-29 07:48:31am,9.94
2018-03-29 07:49:37am,10.06
2018-03-29 07:50:44am,10.13
2018-03-29 07:51:50am,10.06
2018-03-29 07:52:56am,10.06
2018-03-29 07:54:03am,10.06
2018-03-29 07:55:09am,10.19
2018-03-29 07:56:15am,10.38
2018-03-29 07:57:22am,10.63
2018-03-29 07:58:28am,10.75
2018-03-29 07:59:38am,10.94
2018-03-29 08:00:44am,11.06
2018-03-29 08:01:50am,11.00
2018-03-29 08:02:57am,10.81
2018-03-29 08:04:03am,10.63
2018-03-29 08:05:12am,10.44
2018-03-29 08:06:10am,10.31
2018-03-29 08:07:17am,10.25
2018-03-29 08:08:23am,10.19
2018-03-29 08:09:29am,10.19
2018-03-29 08:10:36am,10.19
2018-03-29 08:11:42am,10.19
2018-03-29 08:12:49am,10.19
2018-03-29 08:13:55am,10.25
2018-03-29 08:15:01am,10.19
2018-03-29 08:16:08am,10.19
2018-03-29 08:17:14am,10.19
2018-03-29 08:18:20am,10.19
2018-03-29 08:19:27am,10.44
2018-03-29 08:20:33am,10.63
2018-03-29 08:21:39am,10.75
2018-03-29 08:22:46am,10.88
2018-03-29 08:23:52am,10.81
2018-03-29 08:24:58am,10.81
2018-03-29 08:26:05am,10.94
2018-03-29 08:27:11am,10.81
2018-03-29 08:28:17am,10.75
2018-03-29 08:29:24am,10.69
2018-03-29 08:30:30am,10.63
2018-03-29 08:31:36am,10.50
2018-03-29 08:32:42am,10.63
2018-03-29 08:33:49am,10.88
2018-03-29 08:34:58am,10.88
2018-03-29 08:35:56am,11.06
2018-03-29 08:37:03am,11.12
2018-03-29 08:38:09am,11.06
2018-03-29 08:39:15am,11.12
2018-03-29 08:40:22am,11.00
2018-03-29 08:41:28am,11.25
2018-03-29 08:42:34am,11.31
2018-03-29 08:43:41am,11.50
2018-03-29 08:44:47am,11.63
2018-03-29 08:45:53am,11.38
2018-03-29 08:47:00am,11.38
2018-03-29 08:48:09am,11.44
2018-03-29 08:49:15am,11.50
2018-03-29 08:50:22am,11.31
2018-03-29 08:51:28am,11.38
2018-03-29 08:52:35am,11.25
2018-03-29 08:53:41am,11.19
2018-03-29 08:54:48am,11.38
2018-03-29 08:55:54am,11.44
2018-03-29 08:57:00am,11.44
2018-03-29 08:58:07am,11.44
2018-03-29 08:59:13am,11.38
2018-03-29 09:00:19am,11.25
2018-03-29 09:01:25am,11.25
2018-03-29 09:02:32am,11.12
2018-03-29 09:03:38am,11.12
2018-03-29 09:04:44am,11.06
2018-03-29 09:05:51am,11.00
2018-03-29 09:06:57am,10.88
2018-03-29 09:08:03am,10.81
2018-03-29 09:09:10am,10.88
2018-03-29 09:10:16am,10.81
2018-03-29 09:11:22am,10.75
2018-03-29 09:12:29am,10.81
2018-03-29 09:13:35am,10.69
2018-03-29 09:14:41am,10.69
2018-03-29 09:15:48am,10.69
2018-03-29 09:16:54am,10.69
2018-03-29 09:18:00am,10.75
2018-03-29 09:19:07am,10.81
2018-03-29 09:20:13am,10.75
2018-03-29 09:21:20am,10.69
2018-03-29 09:22:26am,10.69
2018-03-29 09:23:32am,10.63
2018-03-29 09:24:39am,10.63
2018-03-29 09:25:45am,10.50
2018-03-29 09:26:51am,10.50
2018-03-29 09:27:58am,10.56
2018-03-29 09:29:04am,10.56
2018-03-29 09:30:10am,10.50
2018-03-29 09:31:17am,10.56
2018-03-29 09:32:23am,10.56
2018-03-29 09:33:29am,10.50
2018-03-29 09:34:36am,10.25
2018-03-29 09:35:42am,10.31
2018-03-29 09:36:48am,10.44
2018-03-29 09:37:54am,10.50
2018-03-29 09:39:01am,10.56
2018-03-29 09:40:07am,10.63
2018-03-29 09:41:14am,10.50
2018-03-29 09:42:20am,10.50
2018-03-29 09:43:27am,10.56
2018-03-29 09:44:33am,10.56
2018-03-29 09:45:39am,10.56
2018-03-29 09:46:46am,10.50
2018-03-29 09:47:52am,10.31
2018-03-29 09:48:58am,10.25
2018-03-29 09:50:05am,10.38
2018-03-29 09:51:11am,10.50
2018-03-29 09:52:17am,10.56
2018-03-29 09:53:24am,10.50
2018-03-29 09:54:30am,10.44
2018-03-29 09:55:36am,10.44
2018-03-29 09:56:43am,10.50
2018-03-29 09:58:55am,10.31
2018-03-29 10:00:01am,10.31
2018-03-29 10:01:08am,10.31
2018-03-29 10:02:14am,10.38
2018-03-29 10:03:20am,10.44
2018-03-29 10:04:27am,10.44
2018-03-29 10:05:33am,10.38
2018-03-29 10:06:40am,10.31
2018-03-29 10:07:49am,10.31
2018-03-29 10:08:47am,10.31
2018-03-29 10:09:54am,10.25
2018-03-29 10:11:00am,10.19
2018-03-29 10:12:06am,10.19
2018-03-29 10:13:13am,10.13
2018-03-29 10:14:19am,10.06
2018-03-29 10:15:26am,10.00
2018-03-29 10:16:32am,9.94
2018-03-29 10:17:38am,9.88
2018-03-29 10:18:47am,9.81
2018-03-29 10:19:46am,9.81
2018-03-29 10:20:52am,9.88
2018-03-29 10:21:59am,9.94
2018-03-29 10:23:05am,9.94
2018-03-29 10:24:11am,9.81
2018-03-29 10:25:18am,9.75
2018-03-29 10:26:24am,9.75
2018-03-29 10:27:30am,9.69
2018-03-29 10:28:37am,9.69
2018-03-29 10:29:43am,9.75
2018-03-29 10:30:49am,9.81
2018-03-29 10:31:56am,9.81
2018-03-29 10:33:02am,9.88
2018-03-29 10:34:08am,9.75
2018-03-29 10:35:18am,9.81
2018-03-29 10:36:16am,9.81
2018-03-29 10:37:22am,9.81
2018-03-29 10:38:29am,9.81
2018-03-29 10:39:35am,9.75
2018-03-29 10:40:42am,9.75
2018-03-29 10:41:48am,9.69
2018-03-29 10:42:54am,9.69
2018-03-29 10:44:01am,9.69
2018-03-29 10:45:07am,9.69
2018-03-29 10:46:13am,9.69
2018-03-29 10:47:19am,9.75
2018-03-29 10:48:26am,9.69
2018-03-29 10:49:32am,9.69
2018-03-29 10:50:38am,9.81
2018-03-29 10:51:45am,9.81
2018-03-29 10:52:54am,9.81
2018-03-29 10:54:00am,9.81
2018-03-29 10:55:07am,9.81
2018-03-29 10:56:13am,9.88
2018-03-29 10:57:20am,9.81
2018-03-29 10:58:26am,9.81
2018-03-29 10:59:33am,9.81
2018-03-29 11:00:42am,9.75
2018-03-29 11:01:40am,9.75
2018-03-29 11:02:47am,9.81
2018-03-29 11:03:53am,9.88
2018-03-29 11:04:59am,9.94
2018-03-29 11:06:06am,9.94
2018-03-29 11:07:12am,9.94
2018-03-29 11:08:18am,9.81
2018-03-29 11:09:25am,9.69
2018-03-29 11:10:31am,9.69
2018-03-29 11:11:37am,9.69
2018-03-29 11:12:44am,9.75
2018-03-29 11:13:50am,9.88
2018-03-29 11:14:57am,9.75
2018-03-29 11:16:03am,9.81
2018-03-29 11:17:10am,9.75
2018-03-29 11:18:16am,9.81
2018-03-29 11:19:22am,9.81
2018-03-29 11:20:29am,9.81
2018-03-29 11:21:35am,9.69
2018-03-29 11:22:41am,9.75
2018-03-29 11:23:50am,9.81
2018-03-29 11:24:49am,9.88
2018-03-29 11:25:55am,9.94
2018-03-29 11:27:02am,9.81
2018-03-29 11:28:08am,9.75
2018-03-29 11:29:14am,9.63
2018-03-29 11:30:21am,9.56
2018-03-29 11:31:27am,9.56
2018-03-29 11:32:33am,9.50
2018-03-29 11:33:40am,9.50
2018-03-29 11:34:46am,9.56
2018-03-29 11:35:52am,9.63
2018-03-29 11:36:59am,9.63
2018-03-29 11:38:05am,9.56
2018-03-29 11:39:11am,9.50
2018-03-29 11:40:18am,9.44
2018-03-29 11:41:24am,9.38
2018-03-29 11:42:30am,9.31
2018-03-29 11:43:37am,9.31
2018-03-29 11:44:43am,9.38
2018-03-29 11:45:49am,9.38
2018-03-29 11:46:56am,9.44
2018-03-29 11:48:02am,9.50
2018-03-29 11:49:08am,9.56
2018-03-29 11:50:14am,9.63
2018-03-29 11:51:21am,9.63
2018-03-29 11:52:27am,9.69
2018-03-29 11:53:33am,9.63
2018-03-29 11:54:40am,9.69
2018-03-29 11:55:46am,9.69
2018-03-29 11:56:52am,9.69
2018-03-29 11:57:59am,9.69
2018-03-29 11:59:05am,9.63
2018-03-29 12:00:12pm,9.63
2018-03-29 12:01:18pm,9.56
2018-03-29 12:02:24pm,9.56
2018-03-29 12:03:30pm,9.56
2018-03-29 12:04:37pm,9.63
2018-03-29 12:05:43pm,9.63
2018-03-29 12:06:49pm,9.50
2018-03-29 12:07:56pm,9.50
2018-03-29 12:09:05pm,9.56
2018-03-29 12:10:03pm,9.63
2018-03-29 12:11:10pm,9.56
2018-03-29 12:12:16pm,9.63
2018-03-29 12:13:22pm,9.63
2018-03-29 12:14:29pm,9.63
2018-03-29 12:15:35pm,9.50
2018-03-29 12:16:41pm,9.44
2018-03-29 12:17:48pm,9.44
2018-03-29 12:18:54pm,9.38
2018-03-29 12:20:00pm,9.38
2018-03-29 12:21:07pm,9.44
2018-03-29 12:22:13pm,9.44
2018-03-29 12:23:19pm,9.44
2018-03-29 12:24:26pm,9.50
2018-03-29 12:25:32pm,9.44
2018-03-29 12:26:38pm,9.38
2018-03-29 12:27:45pm,9.38
2018-03-29 12:28:51pm,9.38
2018-03-29 12:29:57pm,9.38
2018-03-29 12:31:04pm,9.38
2018-03-29 12:32:10pm,9.25
2018-03-29 12:33:16pm,9.25
2018-03-29 12:34:23pm,9.19
2018-03-29 12:35:29pm,9.25
2018-03-29 12:36:35pm,9.31
2018-03-29 12:37:42pm,9.31
2018-03-29 12:38:48pm,9.25
2018-03-29 12:39:54pm,9.25
2018-03-29 12:41:01pm,9.25
2018-03-29 12:42:07pm,9.19
2018-03-29 12:43:13pm,9.25
2018-03-29 12:44:20pm,9.25
2018-03-29 12:45:26pm,9.31
2018-03-29 12:46:32pm,9.31
2018-03-29 12:47:39pm,9.38
2018-03-29 12:48:45pm,9.38
2018-03-29 12:49:52pm,9.44
2018-03-29 12:50:58pm,9.44
2018-03-29 12:52:04pm,9.44
2018-03-29 12:53:11pm,9.44
2018-03-29 12:54:17pm,9.38
2018-03-29 12:55:23pm,9.31
2018-03-29 12:56:30pm,9.31
2018-03-29 12:57:36pm,9.31
2018-03-29 12:58:42pm,9.31
2018-03-29 12:59:49pm,9.31
2018-03-29 01:00:55pm,9.25
2018-03-29 01:02:01pm,9.31
2018-03-29 01:03:08pm,9.31
2018-03-29 01:04:14pm,9.25
2018-03-29 01:05:20pm,9.25
2018-03-29 01:06:27pm,9.19
2018-03-29 01:07:33pm,9.19
2018-03-29 01:08:39pm,9.25
2018-03-29 01:09:46pm,9.25
2018-03-29 01:10:52pm,9.25
2018-03-29 01:11:58pm,9.25
2018-03-29 01:13:05pm,9.25
2018-03-29 01:14:11pm,9.25
2018-03-29 01:15:17pm,9.19
2018-03-29 01:16:24pm,9.19
2018-03-29 01:17:30pm,9.25
2018-03-29 01:18:36pm,9.19
2018-03-29 01:19:43pm,9.19
2018-03-29 01:20:49pm,9.19
2018-03-29 01:21:55pm,9.19
2018-03-29 01:23:02pm,9.25
2018-03-29 01:24:08pm,9.25
2018-03-29 01:25:14pm,9.25
2018-03-29 01:26:21pm,9.25
2018-03-29 01:27:27pm,9.19
2018-03-29 01:28:33pm,9.19
2018-03-29 01:29:40pm,9.19
2018-03-29 01:30:46pm,9.13
2018-03-29 01:31:52pm,9.13
2018-03-29 01:32:59pm,9.19
2018-03-29 01:34:07pm,9.19
2018-03-29 01:35:13pm,9.25
2018-03-29 01:36:20pm,9.25
2018-03-29 01:37:26pm,9.31
2018-03-29 01:38:32pm,9.31
2018-03-29 01:39:39pm,9.25
2018-03-29 01:40:45pm,9.19
2018-03-29 01:41:51pm,9.13
2018-03-29 01:42:58pm,9.06
2018-03-29 01:44:04pm,9.13
2018-03-29 01:45:10pm,9.13
2018-03-29 01:46:17pm,9.19
2018-03-29 01:47:23pm,9.19
2018-03-29 01:48:29pm,9.19
2018-03-29 01:49:36pm,9.13
2018-03-29 01:50:42pm,9.06
2018-03-29 01:51:48pm,9.06
2018-03-29 01:52:55pm,9.00
2018-03-29 01:54:01pm,9.06
2018-03-29 01:55:07pm,9.13
2018-03-29 01:56:14pm,9.13
2018-03-29 01:57:20pm,9.06
2018-03-29 01:58:26pm,9.13
2018-03-29 01:59:33pm,9.13
2018-03-29 02:00:39pm,9.19
2018-03-29 02:01:45pm,9.19
2018-03-29 02:02:51pm,9.25
2018-03-29 02:03:58pm,9.25
2018-03-29 02:05:04pm,9.25
2018-03-29 02:06:11pm,9.25
2018-03-29 02:07:17pm,9.31
2018-03-29 02:08:23pm,9.25
2018-03-29 02:09:29pm,9.25
2018-03-29 02:10:36pm,9.25
2018-03-29 02:11:42pm,9.31
2018-03-29 02:12:49pm,9.31
2018-03-29 02:13:55pm,9.31
2018-03-29 02:15:02pm,9.31
2018-03-29 02:16:08pm,9.44
2018-03-29 02:17:14pm,9.44
2018-03-29 02:18:20pm,9.44
2018-03-29 02:19:27pm,9.44
2018-03-29 02:20:33pm,9.38
2018-03-29 02:21:39pm,9.38
2018-03-29 02:22:46pm,9.44
2018-03-29 02:23:52pm,9.44
2018-03-29 02:24:59pm,9.50
2018-03-29 02:26:05pm,9.44
2018-03-29 02:27:11pm,9.50
2018-03-29 02:28:17pm,9.44
2018-03-29 02:29:24pm,9.50
2018-03-29 02:30:30pm,9.50
2018-03-29 02:31:37pm,9.56
2018-03-29 02:32:43pm,9.63
2018-03-29 02:33:52pm,9.63
2018-03-29 02:34:51pm,9.63
2018-03-29 02:36:00pm,9.50
2018-03-29 02:36:58pm,9.50
2018-03-29 02:38:05pm,9.50
2018-03-29 02:39:11pm,9.56
2018-03-29 02:40:17pm,9.56
2018-03-29 02:41:24pm,9.63
2018-03-29 02:42:30pm,9.63
2018-03-29 02:43:36pm,9.63
2018-03-29 02:44:43pm,9.63
2018-03-29 02:45:49pm,9.63
2018-03-29 02:46:56pm,9.56
2018-03-29 02:48:02pm,9.56
2018-03-29 02:49:08pm,9.63
2018-03-29 02:50:14pm,9.63
2018-03-29 02:51:21pm,9.63
2018-03-29 02:52:27pm,9.56
2018-03-29 02:53:33pm,9.56
2018-03-29 02:54:40pm,9.56
2018-03-29 02:55:46pm,9.56
2018-03-29 02:56:52pm,9.56
2018-03-29 02:57:59pm,9.56
2018-03-29 02:59:05pm,9.56
2018-03-29 03:00:11pm,9.56
2018-03-29 03:01:18pm,9.63
2018-03-29 03:02:24pm,9.63
2018-03-29 03:03:30pm,9.69
2018-03-29 03:04:37pm,9.69
2018-03-29 03:05:43pm,9.63
2018-03-29 03:06:49pm,9.69
2018-03-29 03:07:56pm,9.69
2018-03-29 03:09:02pm,9.69
2018-03-29 03:10:08pm,9.69
2018-03-29 03:11:15pm,9.69
2018-03-29 03:12:21pm,9.69
2018-03-29 03:13:27pm,9.69
2018-03-29 03:14:34pm,9.75
2018-03-29 03:15:40pm,9.69
2018-03-29 03:16:46pm,9.69
2018-03-29 03:17:53pm,9.63
2018-03-29 03:18:59pm,9.63
2018-03-29 03:20:05pm,9.63
2018-03-29 03:21:12pm,9.69
2018-03-29 03:22:18pm,9.69
2018-03-29 03:23:24pm,9.69
2018-03-29 03:24:31pm,9.69
2018-03-29 03:25:37pm,9.75
2018-03-29 03:26:43pm,9.69
2018-03-29 03:27:50pm,9.75
2018-03-29 03:28:56pm,9.75
2018-03-29 03:30:02pm,9.81
2018-03-29 03:31:08pm,9.81
2018-03-29 03:32:15pm,9.81
2018-03-29 03:33:21pm,9.81
2018-03-29 03:34:28pm,9.75
2018-03-29 03:35:34pm,9.81
2018-03-29 03:36:40pm,9.81
2018-03-29 03:37:46pm,9.81
2018-03-29 03:38:53pm,9.75
2018-03-29 03:39:59pm,9.75
2018-03-29 03:41:06pm,9.81
2018-03-29 03:42:12pm,9.75
2018-03-29 03:43:18pm,9.63
2018-03-29 03:44:25pm,9.63
2018-03-29 03:45:31pm,9.69
2018-03-29 03:46:37pm,9.75
2018-03-29 03:47:43pm,9.75
2018-03-29 03:48:50pm,9.69
2018-03-29 03:49:56pm,9.69
2018-03-29 03:51:02pm,9.69
2018-03-29 03:52:09pm,9.69
2018-03-29 03:53:15pm,9.63
2018-03-29 03:54:21pm,9.63
2018-03-29 03:55:28pm,9.63
2018-03-29 03:56:34pm,9.63
2018-03-29 03:57:40pm,9.56
2018-03-29 03:58:47pm,9.56
2018-03-29 03:59:53pm,9.50
2018-03-29 04:00:59pm,9.56
2018-03-29 04:02:06pm,9.56
2018-03-29 04:03:12pm,9.63
2018-03-29 04:04:18pm,9.69
2018-03-29 04:05:25pm,9.63
2018-03-29 04:06:31pm,9.69
2018-03-29 04:07:37pm,9.69
2018-03-29 04:08:44pm,9.69
2018-03-29 04:09:50pm,9.69
2018-03-29 04:10:56pm,9.63
2018-03-29 04:12:03pm,9.63
2018-03-29 04:13:09pm,9.56
2018-03-29 04:14:15pm,9.63
2018-03-29 04:15:22pm,9.69
2018-03-29 04:16:28pm,9.69
2018-03-29 04:17:34pm,9.63
2018-03-29 04:18:41pm,9.56
2018-03-29 04:19:47pm,9.56
2018-03-29 04:20:53pm,9.56
2018-03-29 04:22:00pm,9.56
2018-03-29 04:23:06pm,9.50
2018-03-29 04:24:12pm,9.50
2018-03-29 04:25:19pm,9.56
2018-03-29 04:26:25pm,9.56
2018-03-29 04:27:31pm,9.56
2018-03-29 04:28:38pm,9.63
2018-03-29 04:29:44pm,9.50
2018-03-29 04:30:53pm,9.56
2018-03-29 04:31:59pm,9.56
2018-03-29 04:33:06pm,9.56
2018-03-29 04:34:12pm,9.63
2018-03-29 04:35:18pm,9.63
2018-03-29 04:36:25pm,9.63
2018-03-29 04:37:31pm,9.69
2018-03-29 04:38:37pm,9.75
2018-03-29 04:39:44pm,9.75
2018-03-29 04:40:50pm,9.75
2018-03-29 04:41:56pm,9.75
2018-03-29 04:43:03pm,9.75
2018-03-29 04:44:09pm,9.75
2018-03-29 04:45:15pm,9.75
2018-03-29 04:46:22pm,9.75
2018-03-29 04:47:28pm,9.75
2018-03-29 04:48:34pm,9.75
2018-03-29 04:49:41pm,9.69
2018-03-29 04:50:47pm,9.69
2018-03-29 04:51:53pm,9.63
2018-03-29 04:53:00pm,9.63
2018-03-29 04:54:06pm,9.56
2018-03-29 04:55:12pm,9.56
2018-03-29 04:56:19pm,9.56
2018-03-29 04:57:25pm,9.56
2018-03-29 04:58:31pm,9.63
2018-03-29 04:59:38pm,9.56
2018-03-29 05:00:44pm,9.56
2018-03-29 05:01:50pm,9.63
2018-03-29 05:02:58pm,9.63
2018-03-29 05:04:05pm,9.56
2018-03-29 05:05:12pm,9.56
2018-03-29 05:06:19pm,9.63
2018-03-29 05:07:25pm,9.56
2018-03-29 05:08:31pm,9.63
2018-03-29 05:09:38pm,9.69
2018-03-29 05:10:44pm,9.75
2018-03-29 05:11:50pm,9.75
2018-03-29 05:12:57pm,9.81
2018-03-29 05:14:03pm,9.75
2018-03-29 05:15:09pm,9.75
2018-03-29 05:16:16pm,9.75
2018-03-29 05:17:22pm,9.75
2018-03-29 05:18:28pm,9.75
2018-03-29 05:19:35pm,9.81
2018-03-29 05:20:41pm,9.81
2018-03-29 05:21:47pm,9.81
2018-03-29 05:22:54pm,9.75
2018-03-29 05:24:00pm,9.81
2018-03-29 05:25:06pm,9.81
2018-03-29 05:26:13pm,9.81
2018-03-29 05:27:19pm,9.88
2018-03-29 05:28:25pm,9.94
2018-03-29 05:29:32pm,9.88
2018-03-29 05:30:38pm,9.88
2018-03-29 05:31:44pm,9.88
2018-03-29 05:32:51pm,9.94
2018-03-29 05:33:57pm,9.94
2018-03-29 05:35:03pm,9.94
2018-03-29 05:36:10pm,9.94
2018-03-29 05:37:16pm,9.88
2018-03-29 05:38:22pm,9.88
2018-03-29 05:39:29pm,9.94
2018-03-29 05:40:35pm,9.94
2018-03-29 05:41:41pm,10.00
2018-03-29 05:42:48pm,10.06
2018-03-29 05:43:54pm,10.13
2018-03-29 05:45:00pm,10.19
2018-03-29 05:46:06pm,10.19
2018-03-29 05:47:13pm,10.19
2018-03-29 05:48:22pm,10.13
2018-03-29 05:49:28pm,10.06
2018-03-29 05:50:35pm,10.13
2018-03-29 05:51:41pm,10.13
2018-03-29 05:52:47pm,10.13
2018-03-29 05:53:54pm,10.13
2018-03-29 05:55:00pm,10.13
2018-03-29 05:56:06pm,10.19
2018-03-29 05:57:13pm,10.25
2018-03-29 05:58:19pm,10.19
2018-03-29 05:59:25pm,10.06
2018-03-29 06:00:32pm,10.00
2018-03-29 06:01:38pm,9.88
2018-03-29 06:02:44pm,9.94
2018-03-29 06:03:51pm,10.00
2018-03-29 06:04:57pm,10.06
2018-03-29 06:06:04pm,10.13
2018-03-29 06:07:10pm,10.13
2018-03-29 06:08:16pm,10.13
2018-03-29 06:09:23pm,10.13
2018-03-29 06:10:29pm,10.13
2018-03-29 06:11:35pm,10.19
2018-03-29 06:12:42pm,10.13
2018-03-29 06:13:48pm,10.06
2018-03-29 06:14:54pm,10.13
2018-03-29 06:16:03pm,10.13
2018-03-29 06:17:10pm,10.06
2018-03-29 06:18:16pm,10.06
2018-03-29 06:19:23pm,10.06
2018-03-29 06:20:29pm,10.00
2018-03-29 06:21:35pm,10.00
2018-03-29 06:22:42pm,10.00
2018-03-29 06:23:48pm,10.00
2018-03-29 06:24:54pm,10.00
2018-03-29 06:26:01pm,10.00
2018-03-29 06:27:07pm,10.00
2018-03-29 06:28:13pm,10.00
2018-03-29 06:29:20pm,9.94
2018-03-29 06:30:26pm,9.88
2018-03-29 06:31:32pm,9.81
2018-03-29 06:32:39pm,9.81
2018-03-29 06:33:45pm,9.88
2018-03-29 06:34:51pm,9.88
2018-03-29 06:35:57pm,9.94
2018-03-29 06:37:04pm,10.00
2018-03-29 06:38:10pm,10.00
2018-03-29 06:39:16pm,10.06
2018-03-29 06:40:23pm,10.06
2018-03-29 06:41:29pm,10.00
2018-03-29 06:42:35pm,10.00
2018-03-29 06:43:43pm,10.00
2018-03-29 06:44:52pm,9.94
2018-03-29 06:45:58pm,9.94
2018-03-29 06:47:05pm,9.88
2018-03-29 06:48:11pm,9.94
2018-03-29 06:49:17pm,10.00
2018-03-29 06:50:24pm,10.00
2018-03-29 06:51:30pm,10.06
2018-03-29 06:52:36pm,10.06
2018-03-29 06:53:43pm,10.06
2018-03-29 06:54:49pm,10.00
2018-03-29 06:55:55pm,10.00
2018-03-29 06:57:02pm,10.00
2018-03-29 06:58:08pm,9.94
2018-03-29 06:59:14pm,10.00
2018-03-29 07:00:21pm,9.94
2018-03-29 07:01:27pm,10.00
2018-03-29 07:02:33pm,10.00
2018-03-29 07:03:40pm,10.06
2018-03-29 07:04:46pm,10.13
2018-03-29 07:05:52pm,10.13
2018-03-29 07:06:58pm,10.06
2018-03-29 07:08:05pm,10.06
2018-03-29 07:09:11pm,10.06
2018-03-29 07:10:18pm,10.00
2018-03-29 07:11:24pm,10.00
2018-03-29 07:12:30pm,10.00
2018-03-29 07:13:37pm,10.00
2018-03-29 07:14:43pm,10.00
2018-03-29 07:15:49pm,9.94
2018-03-29 07:16:56pm,10.00
2018-03-29 07:18:02pm,10.00
2018-03-29 07:19:08pm,10.06
2018-03-29 07:20:15pm,10.06
2018-03-29 07:21:21pm,10.00
2018-03-29 07:22:27pm,10.00
2018-03-29 07:23:34pm,10.06
2018-03-29 07:24:40pm,10.06
2018-03-29 07:25:46pm,10.06
2018-03-29 07:26:53pm,10.06
2018-03-29 07:27:59pm,10.06
2018-03-29 07:29:06pm,9.94
2018-03-29 07:30:16pm,10.00
2018-03-29 07:31:22pm,10.06
2018-03-29 07:32:29pm,10.00
2018-03-29 07:33:35pm,10.13
2018-03-29 07:34:42pm,10.19
2018-03-29 07:35:48pm,10.13
2018-03-29 07:36:54pm,10.19
2018-03-29 07:38:01pm,10.19
2018-03-29 07:39:10pm,10.25
2018-03-29 07:40:08pm,10.25
2018-03-29 07:41:15pm,10.19
2018-03-29 07:42:21pm,10.25
2018-03-29 07:43:28pm,10.31
2018-03-29 07:44:29pm,10.44
2018-03-29 07:45:35pm,10.44
2018-03-29 07:46:41pm,10.44
2018-03-29 07:47:48pm,10.38
2018-03-29 07:48:54pm,10.38
2018-03-29 07:50:00pm,10.31
2018-03-29 07:51:07pm,10.38
2018-03-29 07:52:13pm,10.44
2018-03-29 07:53:19pm,10.44
2018-03-29 07:54:26pm,10.38
2018-03-29 07:55:32pm,10.44
2018-03-29 07:56:38pm,10.50
2018-03-29 07:57:45pm,10.50
2018-03-29 07:58:51pm,10.50
